date,GOOGL,MSFT,FB,ORCL,INTC,CSCO,IBM,QCOM,TXN,AVGO,NVDA,ADBE,CRM,ADP,ITW,YHOO
20140102,-0.006772,-0.006683,0.001116,-0.010977,-0.006357,-0.019171,-0.010876,-0.012525,-0.018447,-0.004331,-0.009988,-0.009837,-0.005979,-0.011621,-0.010585,-0.021019
20140103,-0.007295,-0.006728,-0.002797,-0.005814,-0.000388,-0.000909,0.005983,-0.005865,0.004408,0.003799,-0.01198,-0.002193,0.004739,0.010894,0.006611,0.013387
20140106,0.011149,-0.021132,0.048445,-0.003987,-0.012413,0.001365,-0.003429,-0.002607,-0.008316,-0.006812,0.013401,-0.017579,-0.016147,-0.011396,-0.0123,-0.004736
20140107,0.019276,0.00775,0.012587,0.010141,0.00491,0.01363,0.019946,0.007428,-0.005358,0.009602,0.016373,0.014625,0.013277,0.012154,-0.00133,0.024793
20140108,0.002083,-0.017852,0.005352,-0.003435,-0.006058,-0.000762,-0.009172,0.006008,0.013817,0.014832,0.013631,-0.001187,0.036215,-0.005323,-0.006538,0.002444
20140109,-0.00963,-0.006432,-0.017345,-0.001856,-0.004719,-0.009106,-0.003139,0.003122,-0.005313,-0.010227,-0.037286,0.003226,-0.011415,0.003485,0.000244,-0.002438
20140110,-5.3e-05,0.014354,0.012583,0.012218,0.008692,0.005885,-0.00064,-0.000541,0.001161,0.001315,-0.00127,0.007446,0.011725,-0.003473,0.004751,0.007576
20140113,-0.006371,-0.029412,-0.035036,-0.009446,-0.001175,-0.00135,-0.016554,-0.008799,-0.020181,-0.012383,-0.023522,-0.015622,-0.012994,-0.016179,-0.016491,-0.030075
20140114,0.023527,0.02287,0.032731,0.012185,0.039608,0.009914,0.009557,0.002322,0.026042,0.049962,0.03125,0.030205,0.023128,0.011385,0.013808,0.028757
20140115,-0.000679,0.02739,-0.002425,0.005234,0.006035,0.016511,0.009789,0.015261,0.004615,0.030758,0.010732,0.0217,0.038428,0.001751,0.003405,-0.001701
20140116,0.006617,0.003536,-0.007118,-0.003124,-0.004874,0.0,0.005433,0.002818,-0.003905,-0.027032,0.003123,-0.000811,-0.00854,-0.003496,0.003999,-0.017775
20140117,-0.004921,-0.013825,-0.015562,-0.002089,-0.025999,-0.001756,0.007046,0.000134,0.001845,0.012809,-0.004359,-0.004219,0.010978,0.002005,-0.002173,-0.008181
20140121,0.011447,-0.005772,0.039254,-0.002617,-0.010058,0.003958,-0.008733,0.009768,0.009206,-0.000534,0.003752,-0.008473,0.018209,0.004377,0.004476,-0.012247
20140122,0.001134,-0.006635,-0.017091,-0.003411,-0.010942,0.000438,-0.032797,0.004241,0.017332,0.018535,-0.001246,0.015119,0.003117,0.000747,-0.001927,0.0167
20140123,-0.004223,0.003479,-0.015302,0.004476,-0.007112,-0.012259,0.002634,0.001188,-0.011657,-0.019248,-0.003743,-0.014408,-0.017337,-0.013312,-0.016049,-0.019662
20140124,-0.031265,0.020802,-0.038496,-0.027261,-0.012734,-0.015957,-0.01691,-0.023593,-0.025856,-0.027832,-0.025673,-0.029402,-0.027963,-0.029504,-0.028575,-0.037573
20140127,-0.02011,-0.021057,-0.016529,-0.016707,-0.003628,-0.009009,-0.009686,-0.011879,-0.007218,-0.000734,-0.006427,-0.012354,-0.022603,-0.006106,-0.011615,-0.033237
20140128,0.019778,0.006661,0.029692,0.016717,0.007282,-0.011364,-0.005902,-0.01653,0.006098,0.004959,0.009702,0.012851,0.040119,0.006928,0.009197,0.042838
20140129,-0.014328,0.010753,-0.029198,-0.003504,-0.008835,-0.004598,-0.002545,-0.012085,-0.011655,-0.011879,-0.009609,-0.010996,-0.023749,-0.006491,-0.008733,-0.087127
20140130,0.025724,0.005456,0.141042,0.011631,0.002431,0.015058,0.005442,0.03009,0.00684,0.018125,0.016818,0.015908,0.051932,0.010061,0.012385,0.012038
20140131,0.040141,0.026587,0.024394,-0.013369,-0.008084,-0.003003,-0.003834,0.013104,-0.006793,-0.007493,-0.001272,-0.003368,-0.007217,-0.009056,-0.005297,0.019768
20140203,-0.040255,-0.035941,-0.01742,-0.028726,-0.024042,-0.016431,-0.021395,-0.012126,-0.021226,-0.025212,-0.013376,-0.018584,-0.034033,-0.032898,-0.026499,-0.030771
20140204,0.004173,-0.003564,0.020657,0.003348,-0.005428,0.011601,-0.000347,-0.011047,-0.014699,0.014082,0.00581,0.02806,0.042586,0.011744,0.008466,0.021776
20140205,0.004428,-0.01458,-0.008924,-0.000278,-0.012594,0.008257,0.0081,-0.001931,0.001957,-0.000555,-0.008986,0.021433,0.010991,-0.018946,0.002066,-0.004767
20140206,0.014661,0.01005,-0.000482,0.021419,0.019983,0.023203,0.002468,0.012021,0.006346,0.022601,0.012953,0.005574,0.001136,0.009112,0.006831,0.021133
20140207,0.015069,0.010503,0.034749,0.012799,0.008962,0.008004,0.014771,0.015975,0.017463,0.024819,0.014706,0.025106,-0.002431,0.009299,0.019969,0.027318
20140210,-0.00383,0.006564,-0.012002,0.002958,0.003512,0.007058,-0.000621,0.003763,0.009774,-0.004596,0.003151,0.014313,-0.008286,-0.005875,-0.011044,0.014236
20140211,0.014707,0.01019,0.020504,0.014477,0.00741,-0.005256,0.014452,0.012451,0.018178,0.031256,0.020729,0.002979,0.003113,0.002821,-0.000381,0.019598
20140212,-0.002932,0.007935,-0.006183,0.006078,0.003269,0.006165,0.003005,0.010579,0.003942,0.014982,0.035692,0.01829,0.004083,0.012323,0.000254,-0.01013
20140213,0.011132,0.003736,0.044686,0.009194,0.00611,-0.025383,0.008877,0.000262,0.010162,0.002375,0.031491,0.029168,0.026838,0.008336,-0.007742,0.010758
20140214,0.002417,0.000266,-0.003565,-0.011452,0.002227,0.013022,0.010174,-0.002093,0.002743,-0.016926,0.031682,0.019391,-0.005227,0.000787,0.005244,-0.007529
20140218,0.006718,-0.005316,0.00313,-0.000263,0.000202,-0.006649,-0.002722,-0.008915,0.00342,0.004993,-0.000558,0.004683,0.014809,0.002885,0.016923,0.001962
20140219,-0.007053,0.002405,0.011293,-0.002634,-0.010501,-0.005801,-0.00131,0.002249,-0.001818,-0.011478,0.013408,-0.009758,-0.011141,-0.004445,-0.006381,-0.012923
20140220,0.001472,0.006398,0.023068,0.010562,0.009796,0.000898,0.00716,0.002376,0.006146,0.02253,0.035281,0.007207,-0.000159,0.004728,0.017,-0.000529
20140221,-0.000266,0.006093,-0.014936,-0.004442,-0.012935,-0.007623,-0.007978,-0.004477,-0.001131,-0.007627,-0.007455,-0.003797,0.009205,-0.004052,0.008915,-0.013231
20140224,0.007244,-0.007636,0.031929,0.00105,0.008599,-0.000452,0.003611,-0.002381,0.006795,0.017421,0.014485,0.007989,0.005032,0.007874,0.003191,0.003486
20140225,0.006177,-0.00398,-0.013139,0.002884,-0.000406,-0.012658,-0.001199,-0.006894,0.00045,-0.009569,-0.00899,-0.010979,-0.003912,0.002734,0.001468,-0.004276
20140226,0.000139,-0.001865,-0.008447,0.006536,0.007311,0.004121,0.00453,0.001869,0.003598,0.049153,-0.001601,-0.002794,0.001257,0.005324,0.007207,0.009662
20140227,-0.000787,0.010408,-0.00462,0.011688,-0.001613,-0.000456,0.006574,0.001865,0.003361,-0.008401,-0.011224,0.030964,0.038908,0.003875,-0.002668,0.022594
20140228,-0.00292,0.011886,-0.006963,0.004108,0.0,-0.005474,-0.00054,0.00133,0.00402,0.005213,-0.006487,-0.01845,-0.05814,0.000772,0.003283,0.005199
20140303,-0.010661,-0.013835,-0.015337,-0.015341,-0.010501,-0.01055,-0.004914,-0.022048,-0.008452,0.000648,-0.004897,-0.01122,-0.014109,-0.014271,-0.008,-0.010861
20140304,0.010161,0.016676,0.02062,0.023371,0.00449,0.01159,0.011831,0.033682,0.015253,0.026077,0.010388,0.010905,0.025695,0.023216,0.009042,0.036078
20140305,0.002757,-0.00781,0.040262,0.002284,-0.00447,0.002292,0.003755,0.007358,-0.001768,-0.004262,0.008658,0.004373,0.009672,-0.009305,-0.002422,-0.00328
20140306,0.001108,0.00105,-0.0102,-0.001013,0.005306,-0.002286,0.002672,0.004304,0.011067,0.008878,-0.013949,0.00029,-0.00848,0.003989,-0.000121,0.004051
20140307,-0.003952,-0.006553,-0.014681,-0.015965,0.000406,-0.004125,0.000213,-0.002727,0.003722,-0.013985,-0.001088,-0.005804,-0.038011,0.006792,0.004977,-0.024208
20140310,-0.002651,-0.002111,0.031948,0.000773,0.008117,-0.001841,-0.006873,0.003646,0.000436,0.000797,-0.014706,-0.007005,-0.015805,-0.004455,-0.006161,-0.016793
20140311,-0.009558,0.005288,-0.026794,0.001029,-0.004428,-0.003688,0.001985,-0.004671,-0.00436,-0.01242,0.00995,-0.008377,0.020743,-0.003964,-0.003646,-0.012878
20140312,0.006092,0.006575,0.011126,-0.009769,0.001213,0.009718,-0.002891,0.003389,0.016641,0.018704,0.002737,0.008745,0.008194,-0.002696,0.001586,-0.001597
20140313,-0.015108,-0.009929,-0.028921,-0.022586,-0.007674,-0.013749,-0.012458,-0.017409,-0.031014,-0.007914,-0.031659,-0.014399,-0.039987,-0.00901,-0.012424,-0.0072
20140314,-0.013675,-0.005014,-0.016127,-0.001328,-0.002849,-0.007904,-0.00919,-0.011768,-0.015114,0.0,0.00451,0.00164,-0.015239,0.007274,-0.009743,0.009938
20140317,0.016456,0.009284,0.015061,0.016489,0.008163,0.007499,0.019757,0.030506,0.021666,0.011646,0.0,0.014585,0.002751,0.012121,0.018558,0.04016
20140318,0.016073,0.039422,0.006548,0.016222,0.004858,0.005579,0.005382,0.005583,0.002872,0.006466,0.023569,0.005134,0.022462,0.00637,-0.000245,0.008693
20140319,-0.009915,-0.00708,-0.01373,-0.007467,0.008058,0.0,-0.011241,-0.008328,0.002643,0.009245,0.01727,-0.012989,-0.020124,-0.008862,-0.013332,-0.021293
20140320,-0.001743,0.026993,-0.018611,-0.004669,0.016187,0.009246,0.01727,0.016861,0.031415,0.013973,0.000808,0.012716,0.011809,0.000639,0.0,-0.021756
20140321,-0.011795,-0.004215,0.004032,-0.022674,-0.010029,-0.008704,-0.006546,0.001152,0.00426,-0.021589,-0.001615,-0.019711,-0.035352,-0.007531,0.001116,0.004501
20140324,-0.021225,0.008466,-0.046698,0.018133,-0.001986,-0.003235,0.008464,-0.005755,-0.012301,-0.011581,-0.004854,-0.028299,-0.011748,-0.01672,-0.007677,-0.03321
20140325,0.000682,-0.003951,0.012325,0.005762,0.013535,0.035698,0.036069,0.010548,0.002577,0.0133,0.0,0.008737,0.005146,0.003009,0.013476,-0.020447
20140326,-0.023086,-0.013634,-0.069425,0.017708,-0.003252,-0.000895,-0.012408,-0.003182,-0.006425,-0.018594,-0.022764,-0.029023,-0.025419,-0.00626,-0.006772,-0.013359
20140327,-0.015628,-0.010807,0.009688,0.004094,-0.002648,-0.013441,-0.014484,0.00945,-0.006682,-0.000478,-0.013311,0.009859,0.013766,0.006168,-0.010289,0.003949
20140328,0.005268,0.023882,-0.015745,0.00841,0.012248,0.014078,0.003266,0.002909,0.012153,0.021185,0.006183,0.005424,-0.003931,0.003652,0.011523,0.00871
20140331,-0.005035,0.017122,0.003833,0.033864,0.007572,0.003807,0.010712,-0.005298,0.011149,0.00468,0.000559,0.013255,0.024036,0.004029,0.007058,0.0
20140401,0.018286,0.01049,0.039509,0.014178,0.006818,0.03056,0.010442,0.015724,0.007846,0.009936,0.041318,0.00289,0.029953,0.003106,0.010697,0.016435
20140402,0.000185,-0.00169,0.001597,-0.008677,-0.003848,-0.004762,-0.004884,0.000499,0.001894,-0.006303,-0.006434,-0.006825,-0.011054,0.002194,0.011557,0.004111
20140403,0.005399,-0.008222,-0.051499,-0.018478,0.020085,0.00435,-0.004443,0.005116,0.00147,-0.010984,0.010793,-0.046274,-0.041445,-0.003862,0.005652,-0.024017
20140404,-0.045932,-0.027798,-0.046075,-0.009661,-0.009466,-0.016384,-0.004774,-0.025078,-0.028308,-0.033318,-0.030966,-0.018094,-0.023861,-0.020034,-0.000598,-0.041946
20140407,-0.008473,-0.001756,0.003542,-0.012756,0.012424,0.006089,0.01434,-0.00573,-0.001942,-0.023301,0.003306,-0.013862,-0.008087,-0.007254,-0.01771,-0.034734
20140408,0.031223,0.000503,0.021775,0.019508,0.016047,0.003939,-0.006323,0.010374,0.011243,-0.003148,0.035695,0.022325,0.022976,0.003853,0.002071,0.022982
20140409,0.017094,0.016323,0.072519,0.015905,0.002601,0.007847,0.017332,0.013183,0.010049,0.038225,-0.00106,0.026529,0.031516,0.004235,0.013251,0.030742
20140410,-0.035888,-0.027428,-0.052075,-0.026663,-0.020571,-0.020329,-0.004882,-0.02327,-0.036198,-0.04178,-0.024416,-0.031043,-0.042142,-0.008698,-0.016437,-0.042157
20140411,-0.016335,-0.003836,-0.010649,-0.020357,-0.009275,-0.008389,-0.002504,-0.000769,-0.01208,-0.022219,-0.014146,-0.0161,-0.030797,-0.019809,-0.008661,-0.015916
20140414,0.013835,-0.00074,0.006151,0.015136,0.014519,0.017364,0.013218,0.014485,0.007559,0.004955,0.011037,0.014711,0.017212,0.006917,0.004553,0.017543
20140415,0.00642,0.014548,0.003396,0.004043,0.007907,0.001751,-0.003792,0.004423,0.010812,0.00204,0.007096,0.011647,0.026962,0.011315,0.006369,0.022873
20140416,0.027702,0.016352,0.010662,0.010068,0.005977,0.006116,-0.003147,0.00868,-0.013098,0.006278,0.002168,0.015055,0.01358,0.004662,0.014484,0.062555
20140417,-0.03646,-0.009654,-0.013061,-0.001246,0.004085,0.007816,-0.032536,0.014218,0.013714,0.02664,0.003786,0.015863,0.002144,0.011666,0.010318,0.000825
20140421,-0.007307,-0.00175,0.039023,0.003992,-0.003328,0.008186,0.011894,-0.004796,0.00611,0.016423,0.008082,0.00406,0.000178,-0.003276,0.004631,0.00055
20140422,0.011365,0.001252,0.029231,0.005467,-0.004082,0.005128,-0.000624,-0.003954,0.01041,0.025044,0.008552,0.002799,0.017287,0.00355,0.006028,-0.007143
20140423,-0.014647,-0.007502,-0.026497,-0.01656,-0.003353,-0.00085,-0.002186,0.001241,-0.00279,0.018285,0.011659,-0.001396,-0.025228,-0.000524,0.003407,-0.019369
20140424,-0.005712,0.004283,-0.007986,-0.001005,0.0,-0.007234,-0.007876,-0.035188,0.043263,0.012074,0.008905,-0.01817,-0.016355,0.004326,0.002459,-0.005643
20140425,-0.021219,0.001254,-0.051914,-0.007547,-0.018318,-0.014145,-0.003102,-0.003339,-0.043945,-0.046497,-0.027518,-0.025467,-0.035264,-0.012529,-0.013316,-0.021566
20140428,-0.000229,0.024054,-0.027205,0.017237,0.002666,0.00087,0.01851,0.005669,-0.019206,-0.025024,-0.004271,-0.01964,-0.069508,0.000264,0.000118,-0.014211
20140429,0.025527,-0.008808,0.035803,-0.000498,0.005697,0.006082,0.0102,0.006022,0.014741,0.002303,0.002145,0.008444,0.033177,0.01731,0.003433,0.054134
20140430,-0.002704,-0.002715,0.028031,0.019197,0.007931,-0.002159,0.00697,0.00242,-0.014527,0.042351,-0.011771,0.012806,0.017534,0.012599,0.005427,0.003349
20140501,0.006824,-0.009901,0.022917,0.002202,-0.008992,-0.004327,-0.014964,0.003557,-0.004841,-0.000157,0.005414,0.014589,0.008325,-0.004361,0.000587,0.015577
20140502,-0.008653,-0.00775,-0.011284,-0.003905,-0.001512,-0.003042,-0.010799,0.0,0.01216,0.012285,-0.007539,-0.016456,0.006912,-0.001031,0.001759,0.00986
20140505,0.002735,-0.006551,0.01257,0.009801,-0.009087,0.000654,-0.00094,0.007216,-0.001311,-0.000311,0.010852,-0.001949,0.023074,0.004256,0.001405,0.001085
20140506,-0.023836,-0.009384,-0.04394,-0.004853,0.001146,-0.010237,-0.006431,-0.003142,-0.007437,0.048093,-0.020397,-0.032552,-0.034856,-0.010402,-0.002455,-0.011379
20140507,-0.008745,0.009345,-0.019477,0.001219,0.006489,0.006602,-0.003841,0.000189,0.004407,-0.00787,0.00137,-0.013627,-0.026072,0.005191,0.00914,-0.06632
20140508,0.004189,0.005453,-0.010978,-0.004627,-0.001138,0.006471,-0.00206,0.002206,0.011628,0.017063,0.012312,0.007675,-0.005552,0.005035,0.0,-0.004403
20140509,0.0124,-0.002523,0.008457,0.00416,-0.001519,8.7e-05,0.006193,0.0,-0.005856,-0.007947,-0.024324,0.008632,0.002592,0.002826,0.001277,-0.004717
20140512,0.022426,0.010875,0.045248,0.022173,0.002662,0.007385,0.0131,0.005912,0.024215,0.025515,0.029363,0.018627,0.062649,0.010503,0.010901,0.020438
20140513,0.005776,0.011258,0.0,-0.00143,0.003034,-0.01423,-0.001973,0.005002,-0.017252,-0.005352,-0.016146,0.001812,-0.021524,0.00038,-0.003097,-0.001451
20140514,-0.013166,-0.004453,-0.010028,-0.000239,-0.004537,-0.002192,-0.018055,0.000498,-0.011487,-0.003636,-0.009847,0.001151,-0.007651,-0.010517,-0.00771,-0.006686
20140515,-0.009899,-0.015905,-0.022134,0.001194,-0.012153,0.060066,-0.011975,-0.007835,-0.015786,-0.008466,-0.005525,-0.01117,-0.008867,-0.01716,-0.003131,-0.010828
20140516,-0.00155,0.005808,0.001742,-0.005724,-0.007305,0.007858,0.003218,-0.004512,0.002228,0.008097,-0.002222,0.02392,0.00739,0.013811,-0.003839,-0.011538
20140519,0.019932,-0.002009,0.020512,0.011274,0.008521,-0.000821,-0.000321,0.004911,0.013558,-0.002337,0.032294,0.009085,0.027606,0.003085,0.005022,0.014367
20140520,0.002895,-0.001761,-0.010978,-0.014231,0.0,-0.009446,-0.011283,0.000627,0.002412,-0.01171,-0.016181,-0.007878,-0.006387,-0.006278,-0.008482,-0.00059
20140521,0.017228,0.016885,0.032958,0.002887,0.006144,0.014925,0.008113,-0.002379,-0.001313,0.013181,0.0,0.012316,-0.051049,0.002063,0.004453,0.014467
20140522,0.01046,-0.006196,0.000496,-0.003839,-0.001908,-0.004085,-0.003809,-0.001381,0.010734,0.003947,0.004386,0.010885,0.061367,0.004632,0.00175,0.009895
20140523,0.015033,0.000499,0.013731,0.015173,0.005315,0.005742,0.0014,0.004022,0.002384,0.027228,0.009279,0.018211,0.002628,0.009862,0.006289,0.009222
20140527,0.019635,0.001745,0.034702,-0.005694,0.016014,0.007749,-0.006239,0.007261,0.002162,0.005386,0.017847,0.014774,0.017787,0.005707,0.003704,0.002855
20140528,-0.007689,-0.004479,0.000473,-0.008113,0.006365,0.004452,-0.0092,-0.002983,0.002373,-0.011702,0.008502,-0.006284,-0.018764,-0.005422,-0.002306,-0.009681
20140529,0.000193,0.008248,0.005039,0.015155,0.002976,-0.005641,0.003714,-0.000374,0.004305,0.009843,-0.001581,0.009408,0.019873,0.008749,0.002658,0.00345
20140530,0.00191,0.014874,-0.008303,-0.004265,0.013353,-0.002431,0.003265,0.003242,0.006858,-0.001695,0.002638,-0.013904,-0.032537,0.001508,-0.002305,-0.007163
20140602,-0.012788,-0.003664,-0.003475,-0.00119,-0.002196,0.006499,0.007214,0.000373,0.000213,0.013726,-0.003158,0.001549,-0.00475,-0.003765,0.004622,0.006349
20140603,-0.017419,-0.012258,-0.003329,-0.003812,0.014674,-0.004237,-0.007109,-0.000994,0.0,-0.002652,-0.004224,-0.008509,-0.027301,-0.00844,-0.00138,-0.006309
20140604,-0.001353,0.000745,0.007476,-0.002631,-0.002169,-0.007092,0.000759,-0.00597,-0.002979,0.002239,0.00106,0.001248,0.002355,0.001525,0.00334,0.002309
20140605,0.020171,0.022073,-0.002431,0.009592,0.002174,0.008163,0.007967,-0.003253,0.01174,0.003631,0.004237,0.020259,0.005874,-0.001649,0.006313,0.006047
20140606,0.001947,0.006552,-0.010857,0.012589,0.018438,0.005263,0.002097,0.009038,0.00211,-0.003339,0.003692,0.021995,0.008371,0.011563,0.009353,0.028048
20140609,0.008303,-0.005063,0.00608,0.001642,-0.00923,-0.001208,-0.000805,-0.00535,0.008,0.002234,0.001051,0.000299,-0.001737,0.004899,0.006215,0.003341
20140610,-0.004258,-0.003877,0.04596,-0.000937,0.011824,0.008065,-0.010364,-0.009631,0.00188,0.000975,0.005249,0.000448,0.026107,-0.0075,-0.001572,0.007492
20140611,-0.001408,-0.006081,0.000167,-0.002344,-0.010977,0.0016,-0.011069,0.000379,0.002502,-0.001531,0.013055,0.007467,0.004712,-0.010831,-0.002362,0.008813
20140612,-0.014097,-0.006853,-0.022665,-0.013158,0.001074,-0.015176,-0.005652,0.001641,0.00104,0.000139,0.006186,-0.013341,-0.005065,-0.003692,-0.009922,0.004095
20140613,0.001519,0.016018,0.003265,0.003333,0.068312,0.001622,0.007394,-0.002899,0.003947,-0.004738,0.001025,0.003906,0.023944,0.007157,0.004214,0.00435
20140616,-0.014366,0.006549,-0.004806,0.000237,0.004687,-0.006883,-0.00115,-0.005815,-0.004138,-0.007561,-0.003071,0.011973,0.005524,-0.00203,-0.006691,-0.057661
20140617,-0.003051,0.004337,0.003272,0.004033,-0.001999,-0.001223,-0.000494,0.006484,0.002701,0.008465,0.006674,-0.001183,0.05878,-0.005467,0.004338,-0.010916
20140618,0.018243,-0.00072,0.018633,0.011578,-0.000668,0.005306,0.007352,0.000379,-0.008081,-0.003637,-0.00102,0.082025,-0.001038,0.004986,0.005002,0.014813
20140619,0.007723,-0.003361,-0.019184,-0.007008,0.005346,0.003248,-0.004248,0.007072,0.000836,-0.004072,-0.023073,-0.001779,0.002078,-0.001908,0.005316,-0.007441
20140620,0.002708,0.004095,0.002463,-0.039755,0.003656,0.004856,-0.006947,0.001379,0.000626,0.009023,-0.010868,-0.004661,-0.006393,0.012618,0.005626,-0.018166
20140623,0.013715,0.007438,0.013488,0.006859,0.000993,-0.005236,0.00325,-0.005384,0.00292,-0.004611,-0.011622,0.003856,0.00852,-0.002895,-0.007608,-0.012041
20140624,-0.003047,-0.005835,0.005354,-0.008273,0.008932,-0.006883,-0.006918,-0.008183,-0.007696,-0.008001,-0.0155,-0.006997,-0.00931,-0.00202,-0.005299,-0.004845
20140625,0.023387,0.006827,0.026172,-0.00736,0.012459,0.007746,-0.000885,-0.009266,0.006917,0.013584,0.010315,0.000829,-0.00087,0.002403,0.00442,-0.006781
20140626,-0.00198,-0.007376,-0.004597,-0.007662,-0.003238,-0.002832,-0.001937,0.009225,-0.005204,-0.009354,-0.013434,0.00566,-0.00418,-0.001767,-0.00756,0.012331
20140627,0.001573,0.012704,0.007001,0.009464,0.004873,0.002028,0.007429,0.002793,-0.000628,-0.000282,0.001089,-0.011668,0.003673,0.004677,0.006822,0.017528
20140630,-0.001742,-0.013018,-0.004586,0.0,-0.00097,0.006073,-0.002421,0.002659,0.000628,0.015929,0.008705,0.005,0.012199,-0.002516,-0.01118,0.025693
20140701,0.011665,0.004077,0.011443,0.005922,0.002589,0.009256,0.028025,0.006692,0.014647,0.027196,0.011327,0.008983,0.019284,0.013749,-0.00217,0.006262
20140702,-0.0012,0.000717,-0.023656,0.004415,0.0,-0.001994,0.010947,0.005519,0.000412,0.003917,-0.0036,-0.003424,-0.004899,-0.001866,-0.001831,0.014993
20140703,0.003893,-0.002387,-0.002408,0.009524,0.005165,0.006392,0.000743,0.010228,0.00907,0.011572,0.008966,0.011132,-0.002546,0.004612,0.005619,0.007246
20140707,-0.003912,0.004546,-0.015085,-0.010885,-0.003532,0.001588,-0.002599,-0.002099,-0.000613,-0.008646,-0.007958,-0.012097,-0.024166,-0.001861,-0.002965,-0.017155
20140708,-0.020922,-0.005001,-0.03875,-0.00807,-0.007734,-0.006342,-0.004361,-0.002103,-0.001431,-0.015296,-0.008021,-0.021189,-0.042728,0.000373,-0.006976,-0.027872
20140709,0.008575,-0.002633,0.035214,-0.007397,0.003248,0.014759,0.00641,0.001488,0.008802,0.011446,0.030189,0.006044,-0.005283,0.0,-0.001037,0.009267
20140710,-0.005691,0.00036,-0.001501,0.00149,0.011978,0.0,-0.003821,-0.004209,-0.005783,-0.014549,-0.005495,0.001816,-0.005494,-0.004039,-0.012566,0.002296
20140711,0.011396,0.009716,0.022621,-0.004712,-0.00032,0.003145,0.001598,-0.01032,0.006021,0.000683,0.002368,0.00781,-0.001657,-0.000187,0.002919,0.014314
20140714,0.012972,0.001188,0.023515,0.008971,0.00768,-0.003135,0.009894,-0.001005,-0.007507,0.011475,0.012599,0.00858,0.009592,0.002621,0.003376,0.007621
20140715,-0.002019,0.007356,-0.010825,0.001235,0.006986,0.009041,-0.007216,-0.001006,-0.005315,-0.008374,0.004147,-0.008095,-0.018089,0.0,0.001508,-0.002521
20140716,-0.004114,0.038398,0.00737,-0.006907,0.092715,0.012076,0.020532,0.002266,0.008015,0.003133,-0.001033,0.001245,0.003908,0.001992,-0.000348,-0.051109
20140717,-0.016593,0.010209,-0.018476,-0.008693,-0.027417,-0.013472,0.000676,-0.018965,-0.018349,-0.023761,-0.002584,-0.013678,-0.024282,-0.006708,-0.017963,-0.017165
20140718,0.04182,0.003593,0.030267,0.002255,0.0,0.010925,5.2e-05,0.016387,0.013915,0.043115,-0.04456,0.016249,0.016337,0.013382,0.005428,0.003613
20140721,-0.011023,0.003245,0.014325,0.00025,0.010683,-0.002316,-0.008571,0.003527,0.007169,0.0056,0.005965,-0.008132,-0.003364,-0.000617,0.003756,-0.0015
20140722,0.008572,-0.000111,-0.001873,0.010497,0.021436,0.003868,0.016977,0.023346,-0.001017,-0.000398,-0.004313,0.004169,0.005251,0.008644,0.00304,0.009615
20140723,0.002684,0.000892,0.029161,-0.002968,-0.008339,-0.010405,-0.00237,0.000859,-0.018831,-0.023345,-0.021115,-0.003045,0.0,0.001836,-0.002332,0.033036
20140724,-0.003602,-0.010475,0.05176,0.003969,-0.007246,0.005841,0.008315,-0.06652,-0.006951,-0.015211,0.001659,0.01048,0.008582,0.007332,-0.00222,0.042063
20140725,-0.008176,0.002252,0.002801,-0.003459,0.0,0.00542,-0.004302,-0.000945,-0.02173,-0.035719,-0.01767,-0.002404,0.015353,0.002184,-0.002693,-0.001382
20140728,0.001572,-0.01191,-0.003591,0.005455,-0.000584,-0.001925,0.007099,-0.003548,0.01132,0.008438,-0.003935,0.001102,-0.016214,-0.001453,-0.004815,-0.006091
20140729,-0.008464,-0.001933,-0.016151,0.001973,-0.001169,-0.008102,-0.00618,-0.006858,-0.012249,-0.008935,0.003386,-0.005915,0.01537,-0.007516,-0.014749,-0.006128
20140730,0.002509,-0.006984,0.013119,0.008122,0.00468,-0.003112,-0.00293,0.009693,0.009835,0.009016,0.016873,-0.005258,0.025898,0.00342,0.007066,0.025785
20140731,-0.026686,-0.009603,-0.027144,-0.013916,-0.013392,-0.015607,-0.01201,-0.03051,-0.02075,-0.016026,-0.03208,-0.036724,-0.035556,-0.010225,-0.020454,-0.021585
20140801,-0.010267,-0.006951,-0.003992,-0.019312,-0.004279,-0.009116,-0.013148,-0.015871,-0.000216,0.015278,0.010857,-0.004475,-0.014194,0.002829,-0.003764,-0.005306
20140804,0.015115,0.011899,0.015893,0.012371,0.009038,0.0066,0.002591,0.009786,0.003244,0.012777,-0.002261,-0.002466,0.026552,-0.004047,0.009383,0.025688
20140805,-0.01568,-0.006687,-0.011155,-0.003491,-0.036123,-0.007749,-0.013394,-0.006962,-0.008622,-0.017101,0.000567,0.002908,-0.010929,-0.008989,-0.001328,-0.022855
20140806,0.002355,-0.007892,-0.003027,0.005005,0.000762,-0.001602,-0.00604,0.001924,0.003914,0.002453,-0.001133,-0.010729,-0.007551,-0.001491,0.000725,0.002521
20140807,-0.004665,0.011465,0.009659,-0.012201,-0.005024,-0.002808,-0.00898,-0.005488,-0.01083,-0.009418,-0.010204,-0.005863,-0.002598,-0.003609,0.003141,-0.003632
20140808,0.01072,-0.000694,-0.001503,0.006806,-0.002448,0.006838,0.012642,0.019175,0.014452,0.011489,0.088202,0.008256,0.012837,0.013114,0.018786,0.007011
20140811,-0.001194,0.0,0.005201,-0.000501,0.012883,0.00799,0.004501,0.011505,0.003669,0.005537,-0.005263,0.008481,0.007899,0.002712,0.000946,-0.003342
20140812,-0.008887,0.007407,-0.008306,-0.000501,0.003331,-0.003171,-0.000693,-0.007895,0.003548,0.00466,0.0,-0.002682,-0.038637,-0.000861,0.003543,-0.007544
20140813,0.021744,0.012868,0.012907,0.008521,0.029279,0.001988,0.003256,0.004856,0.008893,0.011525,0.00582,0.014611,0.001327,0.008982,0.012003,0.018863
20140814,0.000154,0.00431,0.00713,-0.000497,-0.004692,-0.02619,-0.000372,0.00349,0.003823,0.025983,-0.011047,0.003725,0.013063,0.004756,0.008488,0.004697
20140815,-0.001608,0.011746,-0.008964,0.001492,0.006777,-0.004483,-0.002661,-0.004682,0.006348,0.012866,0.012766,0.000285,0.002243,-0.001457,0.003344,0.003025
20140818,0.015401,0.007144,0.013038,0.008937,0.007024,0.008187,0.010567,0.008332,0.0,0.007755,0.013655,0.014129,0.013985,0.011912,0.010917,0.024952
20140819,0.00744,0.004877,0.009385,0.018947,-0.002034,0.000406,0.00375,0.001333,0.002733,0.003317,0.003627,0.013932,0.010666,0.002162,0.005797,0.012039
20140820,-0.002847,-0.008383,-0.006375,-0.003864,0.004659,0.002841,0.000158,0.017423,0.003984,0.01005,-0.006195,-0.014296,0.007824,0.001678,0.007459,-0.008723
20140821,-0.005022,0.006007,-0.003208,0.008,0.018841,0.007285,0.005944,0.00433,0.006057,-0.00144,-0.009351,0.009997,0.005777,0.003829,-0.000897,0.003733
20140822,0.000203,-0.001548,0.0,0.001202,-0.005974,-0.009642,-0.004288,0.000651,-0.003114,-0.000787,0.000524,0.004322,0.073416,-0.004768,-0.006288,0.00983
20140825,-0.003325,0.000443,0.006035,0.002642,-0.003721,0.002028,0.003939,-0.002994,-0.013536,-0.005774,0.001572,-0.003054,-0.009532,0.001557,0.003616,-0.007893
20140826,-0.004149,-0.003653,0.012531,0.002396,-0.000287,0.004453,0.009573,0.005484,0.002533,0.002442,0.018053,-0.004038,0.006922,0.002392,-0.004616,0.002122
20140827,-0.008706,-0.003,-0.017511,-0.00478,-0.000287,-0.000403,-0.003834,-0.000519,0.006106,0.002699,-0.011565,0.00028,-0.001006,-0.00179,0.000792,0.01032
20140828,-0.004597,0.000223,-0.010384,-0.008886,-0.004024,0.002016,-0.0013,-0.008185,0.005023,0.002626,0.00832,-0.002516,-0.021652,-0.002032,-0.005086,0.003405
20140829,0.003515,0.012255,0.013066,0.0063,0.007792,0.005634,0.001563,-0.003144,0.003332,0.075039,0.003094,0.007426,0.013724,-0.000239,0.002045,0.00522
20140902,0.010767,-0.007484,0.02486,0.00313,-0.010023,-0.004402,-0.003848,-0.013666,-0.005708,0.035693,0.002314,0.002782,0.012862,0.002516,0.001814,0.019735
20140903,0.001512,-0.002883,-0.011085,0.005761,0.0,0.006431,0.002036,-0.002265,0.009289,0.004352,0.009746,0.004577,-0.013701,0.001075,-0.002829,-0.010186
20140904,0.006141,0.006673,0.001582,-0.008353,0.00969,-0.005192,-0.006616,0.002938,-0.002068,0.008198,0.017526,0.000345,0.000847,0.000358,0.001929,0.008233
20140905,0.007823,0.014362,0.017248,-0.006739,0.002722,0.003613,0.002727,0.00932,0.006839,0.020792,-0.002996,0.009316,0.012356,0.006324,0.0,0.010207
20140908,0.00644,0.012198,0.008154,-0.015265,0.009429,-0.002,-0.005544,0.001187,-0.001853,0.003471,-0.009013,0.003555,0.009196,-0.002964,-0.003285,0.056075
20140909,-0.016056,0.006241,-0.015663,0.001722,-0.011888,-0.003607,-0.000789,-0.000791,-0.004331,0.002495,-0.012633,-0.013217,-0.011597,-0.005708,-0.002386,-0.024635
20140910,0.002449,0.001711,0.009913,0.0,0.003151,0.002816,0.008158,0.001187,-0.006007,0.00673,0.003582,-0.001243,0.017432,0.0,0.003873,0.008828
20140911,-0.003893,0.003416,0.006328,-0.000737,0.0,0.010028,0.00094,0.002371,0.003334,0.000787,-0.010199,0.001244,0.008402,-0.004904,0.004879,0.002917
20140912,-0.010506,-0.006489,-0.005647,-0.004425,-0.011422,-0.000794,-0.002295,-0.010248,-0.006646,-0.013697,-0.014941,-0.019884,-0.032021,-0.002163,-0.003387,0.039263
20140915,-0.005574,-0.009744,-0.037429,0.003951,-0.002311,-0.003975,0.002771,-0.003319,-0.005018,-0.012977,-0.013598,-0.010003,-0.028354,0.0053,0.000453,-0.007696
20140916,0.012276,0.011246,0.020113,0.013035,0.011291,0.006385,0.005996,0.008391,0.006934,0.013955,0.014581,0.006546,0.000695,-0.000599,0.00453,0.00376
20140917,0.00766,-0.005133,0.0046,-0.001214,0.001431,-0.000595,-0.000829,0.001585,0.009391,-0.002047,0.000784,-0.048494,-0.002777,-0.000719,-0.000789,-0.00281
20140918,0.006708,0.003439,0.007458,0.009966,0.005432,0.000595,0.004927,0.008044,0.012611,0.020287,0.015144,0.009064,0.003655,0.010078,0.003385,-0.011857
20140919,0.013612,0.017995,0.011818,-0.042118,-0.009952,-0.000793,0.00129,-0.011905,-0.004696,-0.004692,-0.018519,-0.014284,0.010059,-0.003682,-0.003486,-0.027444
20140922,-0.013429,-0.00968,-0.014247,-0.005528,-0.003159,-0.009127,-0.004588,0.010062,-0.001846,-0.021549,-0.009958,0.003884,-0.015797,-0.009418,-0.009479,-0.055705
20140923,-0.010196,-0.010625,0.019401,-0.018949,-0.008355,-0.010813,-0.007716,-0.00603,-0.000103,0.004359,-0.004235,0.00878,-0.008897,-0.005777,-0.011962,0.010349
20140924,0.012247,0.011168,0.003129,0.015194,0.009588,0.011336,0.003601,0.005407,0.003186,0.016674,0.005848,0.018292,0.014962,0.015979,-0.002306,0.021255
20140925,-0.022008,-0.02209,-0.016744,-0.016743,-0.017554,-0.017614,-0.01716,-0.018757,-0.013727,-0.028758,-0.02167,-0.019122,-0.030177,-0.018706,-0.018144,-0.02332
20140926,0.004528,0.008036,0.020332,0.004902,0.003515,0.018745,0.005555,0.003342,0.003947,0.012029,0.001891,0.009526,0.011445,0.002793,0.007651,0.043902
20140929,-0.000153,0.000646,0.002665,-0.013094,0.018681,0.0048,-0.00221,-0.003197,-0.001448,-0.004457,-0.001618,0.012654,0.011846,0.002664,-0.003855,-0.003443
20140930,0.001021,-0.001723,0.000506,-0.004162,-0.002292,0.00199,0.001002,-0.000668,-0.011811,-0.001263,-0.003511,-0.000433,0.005242,0.003261,-0.010084,0.005676
20141001,-0.014922,-0.009922,-0.031503,-0.004963,-0.023837,-0.005562,-0.014013,-0.011903,-0.016985,-0.016782,-0.009756,-0.023847,-0.013906,-0.01597,-0.015518,-0.010552
20141002,0.002157,-0.00305,0.006924,0.004726,-0.013828,0.001199,-0.001389,-0.003045,-0.000853,-0.027239,-0.004379,-0.007107,-0.001586,0.015122,-0.000602,0.004464
20141003,0.009245,0.007212,0.00467,0.016201,0.015215,0.009976,0.009416,0.01636,-0.000427,0.003125,0.002199,0.019982,0.032133,0.032414,0.006863,0.013086
20141006,0.00261,0.0,0.001485,0.004886,0.002351,-0.011853,0.001961,-0.001803,-0.004165,-0.007068,-0.006034,-0.010673,-0.002737,-0.004409,-0.000478,0.011943
20141007,-0.023274,-0.01215,-0.016311,-0.015865,-0.018763,-0.014994,-0.017615,-0.01626,-0.01319,-0.022321,-0.010762,-0.02527,-0.023842,-0.013419,-0.022371,-0.01421
20141008,0.016792,0.027454,0.016123,0.014561,0.023902,0.001015,0.019654,0.022854,0.020213,0.028014,0.018689,0.030776,0.017396,0.017138,0.021904,0.003665
20141009,-0.02215,-0.01988,-0.020769,-0.007176,-0.018967,-0.019059,-0.015526,-0.014763,-0.019599,-0.032413,-0.019168,-0.03427,-0.013299,-0.021262,-0.021914,0.000487
20141010,-0.027365,-0.039695,-0.03952,-0.01652,-0.050863,-0.035139,-0.002629,-0.038607,-0.071273,-0.11464,-0.059464,-0.036095,-0.041309,-0.007241,-0.010896,-0.036496
20141013,-0.018804,-0.00863,0.001097,0.003412,-0.013789,-0.017566,-0.012962,-0.007161,-0.018952,-0.032511,-0.003562,-0.025438,-0.028118,-0.009772,-0.019804,-0.030808
20141014,0.007233,0.001833,0.00822,0.006016,0.02129,0.005451,0.001526,0.016264,0.009063,0.043163,0.023235,-0.01297,-0.009581,0.00959,0.016921,-0.010683
20141015,-0.014507,-0.011662,-0.005164,-0.00416,-0.026913,-0.004121,-0.011153,-0.009185,0.010636,0.007359,0.015429,0.021518,0.007018,-0.011839,0.005091,-0.003951
20141016,-0.007046,-0.011106,-0.007922,-0.019321,-0.013589,-0.006098,-0.010509,-0.000843,0.019411,0.04204,0.000573,0.010773,0.014692,-0.00209,0.026316,0.0078
20141017,-0.025982,0.020824,0.045711,0.008253,0.01718,0.018843,0.012289,0.018133,0.001835,0.020503,-0.001719,0.026408,0.032671,0.014659,0.003852,0.008789
20141020,0.017993,0.010314,0.013167,-0.001848,0.006374,-0.013763,-0.071134,0.011597,0.016945,0.010888,0.008611,0.00248,0.00719,0.009218,0.00024,0.021586
20141021,0.010613,0.018149,0.022612,0.01455,0.032616,0.025294,-0.034713,0.023543,0.053141,0.056289,0.042686,0.026979,0.021596,0.019836,0.038245,0.022912
20141022,0.008661,-0.011141,-0.004067,-0.018514,-0.010426,-0.010634,-0.008822,-0.009267,-0.003207,-0.018451,-0.023472,-0.020851,-0.017296,-0.002607,-0.005889,0.045296
20141023,0.020196,0.014421,0.021309,0.015675,0.013015,0.013113,0.002411,0.011305,0.008151,0.006431,0.022079,0.01353,0.028978,0.011125,0.01452,0.014286
20141024,-0.008579,0.024656,0.007871,0.013079,0.014989,0.009124,-0.000617,0.011445,0.012128,0.005775,0.010664,0.016535,0.029198,0.010074,0.007328,0.021127
20141027,0.001785,-0.004769,-0.004835,-0.007746,0.000603,-0.000841,-0.001296,-0.002105,0.007988,-0.003421,0.000541,0.000298,-0.007722,0.003543,0.004887,0.027586
20141028,0.016476,0.012633,0.006104,0.005725,0.016265,0.012837,0.010688,0.009626,0.01147,0.032242,0.023797,0.019991,0.040941,0.010331,0.016175,0.026174
20141029,-0.000877,0.002796,-0.06079,-0.001811,0.005335,0.001454,-0.000856,0.004179,-0.003505,0.008076,-0.006603,-0.006436,-0.009101,0.008543,-0.003339,-0.009592
20141030,0.003259,-0.012227,-0.023069,-0.002074,-0.039505,-0.00083,0.005445,0.006243,-0.016553,-0.029336,-0.006115,0.009421,0.012301,0.013219,0.005361,0.004402
20141031,0.013565,0.019544,0.011874,0.014286,0.043892,0.016196,0.000304,0.014734,0.044814,0.04685,0.045479,0.022605,0.036779,0.035845,0.011442,0.009204
20141103,-0.00722,0.010437,-0.014802,-0.001536,0.008821,0.004495,-0.000243,-0.003439,0.008458,0.001043,0.016888,-0.002995,-0.006251,-0.000489,-0.001647,0.006298
20141104,0.000745,0.00274,0.025447,0.003591,0.006704,0.012205,-0.010404,-0.014443,0.00639,-0.01135,0.013085,0.016593,-0.000315,0.01725,0.0,0.015969
20141105,-0.014605,0.006096,-0.012276,0.004089,-0.022583,0.010852,-0.005103,0.001167,0.014484,0.015815,0.0,0.004221,-0.026113,0.01383,0.009021,0.008071
20141106,-0.007663,0.017551,0.005746,0.013235,0.001777,0.004374,-0.002225,-0.085751,-0.004401,0.01061,0.004471,0.010228,0.01906,0.005279,0.013519,0.009903
20141107,0.000236,-0.000411,0.004518,0.003265,-0.007096,0.002771,0.003778,-0.018702,-9.8e-05,-0.029556,-0.021266,-0.006935,0.013948,-0.004366,-0.001614,0.012936
20141110,0.011616,0.004314,-0.007936,0.012769,-0.00953,-0.007106,0.008762,0.001444,0.012967,0.010231,0.011622,0.001397,0.007503,0.00883,0.002801,0.017714
20141111,0.005482,-0.000409,-0.0052,0.000494,0.001503,0.0,-0.001162,0.004037,-0.004752,0.00291,-0.011988,0.0,-0.006051,-0.001997,-0.000752,-0.007286
20141112,-0.005416,-0.001842,0.001474,-0.008154,0.002101,-0.00159,-0.008451,0.009334,-0.000682,0.01033,-0.006825,-0.004045,-0.004527,0.003002,0.002473,0.0316
20141113,-0.003242,0.017015,-0.00629,0.014449,0.008987,0.0227,0.005373,0.005122,-0.00195,0.004538,-0.004836,0.004341,-0.009566,0.002406,-0.006114,-0.001976
20141114,-0.002246,-0.000605,0.008485,0.002947,0.008017,0.024922,0.008416,0.002831,0.008793,0.017954,0.01202,-0.004183,0.011875,-0.007727,0.012087,0.024752
20141117,-0.0154,-0.00242,-0.008547,0.007835,0.008542,0.005509,0.0,-0.006351,-0.00155,-0.005561,-0.004549,-0.020302,-0.021906,0.001062,0.002133,0.011981
20141118,-0.003897,-0.014557,0.001347,0.00243,0.013727,0.004912,-0.013828,0.022869,0.005626,0.032648,0.024118,0.012291,-0.00064,-0.001061,0.007768,-0.011839
20141119,0.00494,-0.010669,-0.013586,-0.00824,-0.010372,-0.000188,-0.002841,-0.021386,0.001929,-0.02363,-0.007933,-0.000141,-0.023211,-0.005664,-0.000633,-0.022609
20141120,-0.006287,0.009954,0.003682,0.0,0.046579,0.008274,-0.004894,0.003406,0.005583,0.007619,0.016492,-0.005366,-0.044576,-0.001839,0.004543,0.013246
20141121,0.003917,-0.014784,0.002038,0.012708,-0.010014,0.002611,0.001743,0.010748,0.006318,0.003114,0.005654,0.012493,-0.001887,0.000297,0.008624,-0.004098
20141124,0.002913,-0.008128,0.003525,-0.000241,0.018545,0.00558,0.007644,0.003148,0.005517,0.010309,0.006111,-0.001332,-0.001718,0.007666,0.001981,0.015478
20141125,0.003196,-0.002522,0.021889,-0.006758,0.001931,0.009249,-0.002405,0.00802,-0.007758,0.00011,-0.000486,0.010881,0.021518,-0.003126,-0.003851,-0.002122
20141126,-0.002731,0.005898,0.026312,0.017497,0.015969,0.005315,0.001175,-0.000138,0.036041,0.028854,0.016772,0.013611,-0.001854,0.004023,-0.001985,0.00406
20141128,0.002465,0.001257,0.001031,0.012897,0.009485,0.00784,0.001358,0.008857,0.001656,-0.004052,0.00263,0.009592,0.010805,0.009192,-0.006281,-0.003659
20141201,-0.017174,0.016942,-0.033462,-0.007781,-0.002148,-0.001809,-0.003885,-0.015226,-0.003124,-0.026231,-0.018598,0.00095,-0.013195,0.005021,-0.006531,-0.031697
20141202,-0.001964,-0.003291,0.004794,0.002376,0.011568,0.008336,0.006995,0.021312,0.005714,0.013744,0.001458,-0.003797,0.002877,-0.003137,0.007104,0.011377
20141203,-0.003008,-0.007841,-0.007686,-0.002845,-0.004521,0.004673,0.011373,0.014321,0.019428,0.031779,0.025716,-0.003947,-0.006245,0.001632,0.019162,-0.007697
20141204,0.010448,0.015807,0.004808,-0.004042,0.000801,-0.00644,-0.002857,-0.01385,-0.003776,0.083465,-0.008988,-0.00205,0.001189,0.001338,-0.006508,0.002586
20141205,-0.026724,-0.0086,0.014886,0.000955,0.005606,-0.009723,-0.004755,0.000409,0.003068,0.008926,0.005728,-0.008627,-0.001696,-0.002731,0.005407,0.011506
20141208,0.005018,-0.014973,0.002095,-0.013356,-0.012477,-0.009818,-0.008636,-0.010358,-0.008996,-0.031541,-0.012814,-0.004834,-0.041461,-0.00268,-0.003723,-0.026868
20141209,0.010137,-0.002201,0.004182,0.012086,-0.008333,0.006978,0.006981,0.00544,-0.001271,0.019164,-0.003365,-0.006731,-0.004786,-0.003914,-0.00353,0.017936
20141210,-0.015053,-0.014499,-0.008589,-0.022689,-0.012741,-0.020058,-0.015216,-0.020615,-0.016633,-0.033028,-0.02219,-0.023964,-0.014606,-0.013196,-0.014376,-0.025836
20141211,0.007708,0.005757,0.020347,-0.00391,0.007688,0.004466,0.003489,0.006853,0.00721,0.013098,-0.000493,-0.001575,0.002892,0.005587,0.004016,0.014937
20141212,-0.019921,-0.004664,0.001286,-0.019872,-0.012943,-0.005002,-0.035326,-0.019517,-0.025236,-0.013426,-0.031096,0.090049,-0.00739,-0.024823,-0.017686,0.006007
20141215,-0.010872,-0.005964,-0.010793,0.029036,-0.00842,-0.006516,-0.014931,-0.003046,-0.000847,-0.00998,-0.003057,-0.0392,0.006174,0.003394,-0.009002,-0.00836
20141216,-0.034274,-0.032355,-0.029874,-0.011676,-0.010022,-0.003561,-0.01078,-0.000853,-0.011213,-0.00896,-0.011497,-0.009858,-0.029237,0.00157,-0.000324,-0.01947
20141217,0.016641,0.012843,0.019012,0.013045,0.019123,0.008463,0.003434,0.027023,0.01963,0.017055,0.041096,0.023161,0.059677,0.021409,0.00833,0.025998
20141218,0.016132,0.038916,0.030088,0.101798,0.021523,0.031332,0.037846,0.015926,0.018131,0.026871,0.003972,0.012095,0.040877,0.011749,0.023925,0.015762
20141219,0.010532,0.002946,0.018877,0.014333,-0.017558,0.00434,0.005264,0.000954,-0.004406,-0.014757,0.009891,-0.005875,0.008933,-0.011321,0.006077,-0.000589
20141222,0.023575,0.006714,0.019654,-0.007609,0.023096,0.016204,0.018485,0.015389,0.01088,0.012581,0.01763,0.000672,0.0,0.011687,0.007811,0.005307
20141223,0.012155,0.009796,-0.010313,0.007886,0.005912,0.001063,0.004955,0.000536,-0.00073,-0.006212,-0.006256,-0.001611,0.010692,-0.006184,0.004547,-0.022092
20141224,-0.003415,-0.006398,0.001985,0.004347,0.000267,0.00177,-0.002589,0.000804,0.00146,-0.000595,-0.003874,0.00484,-0.00281,0.000822,-0.001029,0.012595
20141226,0.008549,-0.005401,6.2e-05,-0.00238,0.002938,0.001767,0.003213,0.012858,-0.002096,-0.000993,0.000972,-0.000937,0.00779,-0.000469,-0.000824,0.004146
20141229,-0.007774,-0.008981,-0.009347,-0.010629,-0.009853,0.00388,-0.011273,-0.008397,-0.005297,0.006659,-0.001457,-0.007232,-0.007401,-0.003873,-0.00742,-0.006488
20141230,-0.003778,-0.009062,-0.009997,-0.00592,-0.011296,-0.003514,-0.002866,0.000467,-0.009641,-0.004344,-0.009241,-0.014097,-0.015244,-0.008955,-0.002492,0.013655
20141231,-0.008631,-0.012122,-0.015148,-0.008161,-0.012786,-0.019217,0.002437,-0.009197,-0.008622,-0.002578,-0.015709,-0.005268,-0.002019,-0.008798,-0.01426,-0.013862
20150102,-0.002092,0.006674,0.005511,-0.014232,0.001929,-0.00737,0.010097,-0.000673,0.000281,-0.004971,0.00399,-0.004952,-0.00118,-0.00096,-0.000211,-0.006731
20150105,-0.019054,-0.009303,-0.016061,-0.016693,-0.011276,-0.01992,-0.015735,-0.004712,-0.015613,-0.015986,-0.01689,-0.004976,-0.018062,-0.00072,-0.024715,-0.020729
20150106,-0.024679,-0.014571,-0.013473,-0.010323,-0.018637,-0.00037,-0.021566,-0.014203,-0.016431,-0.022743,-0.030318,-0.020145,-0.016675,-0.00835,-0.013753,0.001628
20150107,-0.002941,0.012705,0.0,0.000232,0.020975,0.009242,-0.006536,0.011663,0.017961,0.027013,-0.002866,0.008223,-0.00472,0.008784,0.010871,-0.012599
20150108,0.003484,0.029418,0.026592,0.006025,0.018601,0.007692,0.021735,0.010511,0.016316,0.049975,0.037889,0.025383,0.029159,0.02294,0.024115,0.033752
20150109,-0.012211,-0.008405,-0.005565,-0.000461,0.001908,0.010178,0.004356,-0.001141,0.00056,0.010646,0.004028,-0.014743,-0.007339,-0.007162,-0.007531,-0.010153
20150112,-0.007309,-0.012503,-0.013121,-0.002766,-0.004353,0.009356,-0.016781,-0.011422,-0.008955,-0.01654,-0.012538,-0.010022,-0.007393,-0.004908,-0.004595,-0.018504
20150113,0.009536,-0.005257,-0.003519,-0.007858,-0.002732,0.001604,0.002365,-0.008155,-0.006212,-0.005622,-0.001778,-0.007452,0.004157,-0.001961,-0.001181,-0.010246
20150114,0.00823,-0.008629,-0.002224,0.003028,-0.00411,-0.006229,-0.006441,-0.010278,-0.001515,0.007896,0.004325,-0.0085,-0.01242,-0.002917,-0.002042,-0.016356
20150115,-0.003795,-0.010336,-0.029234,-0.009986,-0.004402,-0.018266,-0.007895,-0.011631,-0.006166,-0.020021,-0.007092,0.004286,-0.03738,-0.000418,-0.007217,-0.026942
20150116,0.012787,0.016711,0.01526,0.020643,0.007184,0.00985,0.016627,-0.001261,0.017181,0.024674,0.018367,0.020487,0.027763,0.010394,0.012151,0.005191
20150120,-0.001009,0.003244,0.014099,0.008964,-0.009877,0.01409,-0.001209,0.016692,0.009759,0.010114,0.003006,-0.003346,0.011476,0.00473,0.001286,0.024962
20150121,0.020493,-0.010132,0.006558,-0.009339,0.010806,-0.008194,-0.030965,-0.012279,0.008828,0.004863,0.013986,0.000699,0.007331,-0.004825,0.003426,0.011547
20150122,0.032495,0.02635,0.011858,0.012876,0.011787,0.023707,0.021698,0.0044,0.012712,-0.001708,0.017241,0.027118,0.005025,0.024243,0.009282,0.014736
20150123,0.008654,0.001061,0.002318,0.003178,-0.012598,-0.010175,0.003089,0.003755,0.001637,0.01692,0.002906,0.007893,0.01069,0.002771,-0.010994,0.001227
20150126,-0.00965,-0.003603,-0.004304,-0.006563,-0.017561,-0.008508,0.003144,0.006027,-0.000182,-0.002337,-0.004587,-0.017823,0.019788,-0.003224,0.001817,0.01001
20150127,-0.028935,-0.092533,-0.022131,-0.01139,-0.045245,-0.038255,-0.017204,-0.011569,-0.003996,-0.018177,-0.047781,-0.017597,-0.033289,-0.010858,-0.002881,-0.029328
20150128,-0.016808,-0.034459,0.00607,-0.01636,-0.011994,-0.003532,-0.013796,-0.010868,-0.016323,0.002004,-0.016302,-0.016933,-0.024918,-0.012846,-0.014338,-0.031882
20150129,0.001561,0.019908,0.023085,0.003982,0.012879,0.015482,0.025932,-0.102831,0.013627,0.014571,0.02434,0.019786,0.031056,-0.002129,0.017694,-0.05876
20150130,0.047386,-0.038324,-0.026795,-0.022632,-0.0342,-0.031411,-0.013957,-0.019312,-0.022316,-0.034263,-0.02907,-0.021078,-0.028399,-0.021577,-0.00704,0.005946
20150202,-0.009953,0.021782,-0.01212,0.018859,0.018462,0.017637,0.008806,0.049151,0.000748,-0.004471,0.021609,0.013974,0.014703,0.011026,0.019551,0.015799
20150203,0.002067,0.007752,0.005467,0.008435,0.001486,0.010809,0.024635,0.021822,0.01776,0.007616,0.024975,0.011391,0.023219,0.020374,0.010115,0.000336
20150204,-0.013501,0.005769,0.00305,-0.014405,-0.002967,-0.015855,-0.009529,0.0,0.003215,0.015504,0.002486,0.005006,0.006484,0.016913,-0.000209,-0.014653
20150205,0.00709,0.014579,-0.000198,0.017445,0.010119,0.021356,0.006052,0.014785,0.012725,0.013359,0.016121,0.011345,0.004577,0.006814,0.012728,-0.011352
20150206,0.007634,-0.000942,-0.015142,-0.004171,-0.019004,-0.000734,-0.007536,-0.023547,-0.017176,-0.013748,-0.004149,-0.007661,-0.001519,-0.008374,0.000206,-0.013894
20150209,-0.008607,-0.001179,-0.000403,0.009772,-0.010963,-0.004405,-0.006189,0.011454,-0.001656,-0.023869,-0.00098,-0.002895,-0.020112,-0.004975,-0.002781,-0.008617
20150210,0.020556,0.005666,0.010075,0.013594,0.023383,0.013643,0.018042,0.046938,0.028561,0.046948,0.027969,0.005945,0.01397,0.005929,0.002376,0.011745
20150211,-0.003999,-0.005164,0.017556,-0.014321,-0.004451,-0.020371,-0.00227,-0.000712,0.003225,0.008408,-0.006683,0.003436,0.00017,0.003467,-0.0034,-0.002554
20150212,0.014888,0.016753,-0.00366,0.012223,0.017139,0.093947,0.002023,0.002564,0.025714,0.016305,0.0716,0.021641,0.041837,0.010654,0.010959,0.022463
20150213,0.009432,0.018102,-0.006428,0.000911,0.006886,-0.001018,0.01186,0.006961,0.00914,0.004102,0.000448,0.025741,0.025955,0.011454,0.004909,0.011269
20150217,-0.011158,-0.00661,-0.001848,-0.002049,0.010914,-0.004078,0.003491,-0.001129,0.004054,0.006537,0.002914,0.008103,-0.01241,-0.018479,-0.000712,-0.020036
20150218,-0.00433,-0.001147,0.014683,0.005931,-0.013531,0.006141,0.007642,-0.003672,-0.004467,-0.007847,-0.011397,0.007779,0.014983,0.00551,0.002546,0.002757
20150219,0.007003,-0.000689,0.035328,0.000227,-0.001605,-0.006104,0.010482,0.006238,0.001726,0.008182,0.002486,0.0,-0.003016,0.001598,-0.000102,0.016495
20150220,-0.00851,0.008161,0.005981,-0.007708,0.005846,0.010235,-0.001464,0.007608,0.00827,0.01046,0.007215,0.010549,0.014807,0.010886,0.010769,-0.00586
20150223,-0.012551,0.006727,-0.013205,0.000228,-0.01889,0.000675,-0.004522,-0.00811,-0.004272,0.00705,-0.007835,-0.005729,-0.018199,0.005469,-0.002412,-0.013149
20150224,0.006822,-0.001359,-0.004947,0.002284,0.019254,0.0,0.011786,0.006061,0.011841,0.002924,0.006769,-0.005378,-0.010387,0.001009,0.002317,-0.003446
20150225,0.016114,-0.002268,0.014149,-0.003418,-0.013514,-0.004725,-0.012255,0.004344,0.002374,-0.004418,-0.00762,0.005021,0.015178,-0.002129,0.002815,0.024205
20150226,0.021851,0.001478,0.010684,0.003659,-0.00869,0.014242,-0.011916,0.004604,0.005415,0.147054,0.00271,0.0114,0.117226,-0.002582,-0.004511,0.00045
20150227,0.005972,-0.004653,-0.017908,-0.001595,-0.011887,-0.013373,0.006651,0.006943,-0.010434,-0.012611,-0.006306,0.001773,-0.012244,0.0,-0.004531,-0.003825
20150302,0.022022,0.000684,0.009877,0.004792,0.024361,0.023043,-0.009016,0.002,0.019388,0.01097,0.024252,0.008723,-0.01326,0.015083,0.007081,-0.003839
20150303,0.006565,-0.013674,-0.001881,-0.014763,0.001028,-0.02153,0.003427,-0.017205,-0.022856,-0.006201,-0.018367,-0.010026,-0.022057,-0.016412,0.001105,-0.033779
20150304,-0.000803,-0.005199,0.016269,0.005302,0.000733,-0.007109,-0.009998,-0.007843,-0.004268,0.009203,0.011271,-0.017217,-0.030919,-0.023957,-0.014749,0.032145
20150305,0.005369,0.001277,0.003894,0.004357,-0.01143,-0.001023,0.01104,0.0012,0.000343,0.009042,0.019171,0.012753,0.010943,0.002021,0.009369,0.003864
20150306,-0.014679,-0.017397,-0.014838,-0.03242,-0.01601,-0.012799,-0.016627,0.008107,-0.011999,-0.020525,-0.013561,-0.01361,-0.015704,-0.008703,-0.01362,-0.016304
20150309,0.002095,0.011567,-0.007062,0.007315,-0.014161,0.015039,0.014322,0.016782,0.013532,-0.006021,0.002661,0.0049,0.01425,0.009826,0.00941,-0.010589
20150310,-0.024821,-0.019137,-0.023792,-0.020379,-0.031174,-0.023842,-0.018411,-0.011278,-0.022595,-0.015733,0.017028,-0.024702,-0.026268,-0.019461,-0.01986,-0.007096
20150311,-0.007431,-0.00119,0.000258,-0.008369,0.019874,-0.013957,-0.0064,-0.022467,0.001226,-0.003676,-0.005001,6.6e-05,-0.001255,-0.001938,-0.005583,-0.004101
20150312,0.009862,-0.022868,0.017533,0.003617,-0.047325,-0.000708,0.007525,-0.012808,0.000875,0.011712,-0.009178,0.018287,0.019943,0.016532,0.019649,0.010588
20150313,-0.014559,0.008776,-0.011149,0.018261,0.004221,-0.010623,-0.023421,-0.010523,-0.001835,-0.00888,0.001323,0.002842,-0.005389,-0.005903,-0.004282,-0.001863
20150316,0.015624,0.00435,0.000256,0.024304,-0.003233,0.012885,0.018149,0.019814,0.021273,0.03892,0.011894,0.009147,0.028328,0.017117,0.01454,0.014929
20150317,-0.007175,0.003248,0.016588,-0.01244,-0.007785,-0.0053,-0.000764,-0.002643,-0.006172,-0.005891,0.01219,0.016979,0.01686,-0.008128,-0.00323,0.00632
20150318,0.015333,0.019307,0.019467,0.029391,0.009807,0.0,0.018157,0.005944,0.005693,0.01038,-0.016344,-0.034773,0.014804,0.008195,0.010632,0.020212
20150319,-0.004398,-0.005059,0.022741,0.00068,-0.004856,0.003908,0.0,-0.005696,0.003859,0.012266,0.015085,0.003251,0.004814,0.000229,-0.004408,0.00694
20150320,0.002271,0.014071,0.012689,0.005661,0.018543,0.006369,0.01921,0.003007,0.0129,0.009467,0.010984,0.002852,-0.017276,0.004578,-0.008453,0.001223
20150323,0.000743,-0.000583,0.007518,-0.003603,-0.003513,-0.001231,0.010744,0.000357,-0.010459,0.008628,-0.032382,-0.013056,-0.000443,-0.005298,-0.006394,-0.007106
20150324,0.021526,0.00105,0.010423,-0.012203,-0.013141,-0.014258,-0.009901,-0.015557,-0.00375,-0.009819,-0.01365,-0.011788,-0.004286,-0.003894,-0.002962,-0.006597
20150325,-0.01825,-0.033566,-0.028015,-0.017845,-0.02923,-0.019286,-0.023313,-0.025589,-0.046372,-0.065279,-0.060714,-0.030749,-0.023601,-0.025585,-0.011372,-0.004953
20150326,-0.005926,-0.00603,0.001085,0.001398,0.006357,-0.013474,0.008731,-0.000818,0.001256,0.00225,-0.003565,-0.002188,0.003192,-0.003894,0.000311,0.006109
20150327,-0.010805,-0.005824,0.003494,-0.008141,0.06383,0.001477,-0.001183,-0.001936,0.017204,0.028065,0.019795,0.004659,0.008486,0.002606,0.002175,0.014167
20150330,0.00643,-0.000244,-0.001261,0.018762,-0.016875,0.019167,0.014152,0.027676,0.021846,0.018251,0.00421,0.003956,0.004508,0.014888,0.011888,-0.003326
20150331,-0.011468,-0.007446,-0.01178,-0.006676,-0.006039,-0.004521,-0.01334,0.006678,-0.014052,-0.027346,-0.025384,0.00462,-0.000598,-0.002911,-0.007662,-0.011457
20150401,-0.009393,0.001599,-0.00669,-0.004867,-0.014711,-0.009991,-0.008224,0.001298,-0.011367,-0.010632,0.004062,0.015283,-0.010926,-0.004437,-0.006383,-0.006864
20150402,-0.014887,-0.01056,-0.001347,-0.007452,0.0,-0.004404,0.007978,-0.021028,0.003272,-0.004856,0.00238,0.008126,0.00908,0.007741,0.000932,0.000453
20150406,0.004877,0.031149,0.010852,0.007977,0.007465,0.003317,0.00991,-0.00309,0.001587,0.006439,0.028728,0.007267,0.018896,0.003841,0.011904,-0.010872
20150407,0.001673,-0.000361,-0.001456,0.0,0.007088,0.006245,0.000185,-0.006567,0.002288,-0.001391,0.009001,-0.007609,0.003827,-0.00458,0.001841,-0.001374
20150408,0.007305,-0.002649,-0.000547,0.003492,0.001599,0.005842,-0.001357,-0.000817,0.000527,0.009073,0.007319,-0.002776,0.000147,0.008328,-0.006943,0.035772
20150409,-0.001494,0.001449,-0.001276,0.002088,-0.002236,0.002722,0.003027,0.023045,0.014218,0.003391,0.022934,0.011797,-0.006891,0.000347,0.000206,0.010184
20150410,0.000949,0.005786,-0.001582,0.007176,0.022087,0.015023,0.003203,0.005087,-0.001385,-0.003144,0.010433,0.00262,-0.001476,-0.003002,0.002673,-0.009862
20150413,0.000182,0.000959,0.011824,-0.009883,-0.006264,-0.00214,-0.002947,-0.006217,-0.008579,-0.011631,-0.009227,-0.006664,-0.008279,-0.004864,0.005126,-0.009075
20150414,-0.016149,-0.002634,0.006084,-0.008124,-0.007564,-0.006076,-0.000493,0.003492,-0.007954,-0.01089,-0.008426,-0.000921,-0.002534,-0.003492,0.01479,0.016864
20150415,0.002334,0.014526,-0.009699,0.029488,0.042553,0.015822,0.011275,-0.007395,0.030837,0.015486,0.012075,0.001053,0.004484,0.001635,-0.004523,0.004503
20150416,0.004584,-0.002248,-0.004776,-0.012048,0.001218,0.012389,-0.006093,-0.008034,-0.001538,-0.004527,-0.006186,-0.011574,0.010415,-0.004431,-0.008078,0.001093
20150417,-0.019834,-0.012927,-0.018649,-0.010584,-0.012169,-0.023951,-0.01508,-0.011707,-0.01849,-0.027767,-0.012895,-0.026613,-0.030923,-0.021668,-0.024125,-0.029052
20150420,0.022131,0.030998,0.02866,0.007442,0.008007,0.02024,0.034169,0.022722,0.014652,0.009643,-0.004955,0.010526,0.016563,0.015204,0.011995,0.004612
20150421,-0.002948,-0.006293,0.006379,0.002308,-0.009166,0.007374,-0.011435,-0.00102,-0.000172,0.00061,-0.001584,0.00947,0.007175,0.003538,-0.026799,-0.003695
20150422,0.011521,0.008209,0.012078,0.002994,0.008326,-0.00244,0.006697,0.005396,0.009801,0.038952,0.011562,0.011793,0.004898,0.002468,0.000212,-0.011576
20150423,0.015077,0.008259,-0.026232,-0.003674,-0.010703,0.001922,0.029511,-0.008703,-0.068279,-0.029907,-0.004034,0.01351,0.011224,0.005334,0.002859,-0.006367
20150424,0.02906,0.104522,-0.010678,-0.007144,-0.008346,0.005057,-0.002702,-0.001463,0.000183,-0.036834,-0.008551,0.000261,-0.009347,-0.008978,-0.000845,0.018881
20150427,-0.013144,0.003342,0.004661,0.012303,0.013092,0.002429,0.005595,0.014508,0.015165,0.005439,0.007717,0.000131,0.000147,-0.003471,0.003487,-0.003594
20150428,-0.003091,0.023423,-0.015017,0.020408,0.016,0.014884,0.018684,0.006067,-0.008459,-0.022472,0.00473,-0.006924,-0.014003,0.010744,0.002106,-0.000451
20150429,-0.00528,-0.001933,-0.002665,0.005169,-0.004088,-0.009209,0.00276,-0.01407,-0.001271,-0.003576,-0.007397,0.008287,0.116011,-0.00257,-0.00662,-0.023906
20150430,-0.02248,-0.008561,-0.021065,-0.024816,-0.010187,-0.007573,-0.017833,-0.009757,-0.014722,-0.001282,0.002484,-0.007697,-0.024514,-0.009954,-0.01005,-0.01652
20150501,0.004355,0.000308,0.002793,0.017194,0.026728,0.010406,0.013895,0.006176,0.020292,0.05065,0.025006,0.004865,0.007416,0.017625,0.015708,-0.001292
20150504,0.003048,-0.008529,-0.002279,0.004958,0.000299,0.001373,0.001727,0.009281,-0.000271,-0.013355,-0.006154,-0.007589,-0.023991,0.005463,0.005997,-0.011056
20150505,-0.017718,-0.013267,-0.015861,-0.015026,-0.023631,-0.009599,-0.005116,-0.00992,-0.023239,-0.036109,-0.025652,-0.011206,0.016061,-0.010289,-0.008785,-0.017602
20150506,-0.014667,-0.027731,0.006962,-0.015027,-0.012868,0.002769,-0.017506,-0.008191,-0.00574,-8.6e-05,0.003177,-0.006933,0.014296,-0.002336,0.000844,0.008717
20150507,0.013007,0.009075,0.004161,0.005086,0.000776,-0.005696,0.005528,0.009143,0.006704,0.048855,0.017647,0.003357,0.009893,0.010362,0.001687,0.053048
20150508,0.012748,0.022484,0.001084,0.012189,0.017212,0.014754,0.009884,0.014321,0.011839,0.00694,-0.074033,0.021143,-0.028449,0.012226,0.009472,0.005015
20150511,-0.005775,-0.007958,-0.006369,-0.003863,-0.003354,-0.000684,-0.009034,-0.005187,-0.004753,-0.004216,-0.009364,0.006225,-0.016575,-0.001603,-0.00146,-0.011114
20150512,-0.012917,-0.000422,-0.00705,-0.006159,-0.01346,0.000685,-0.003331,-0.003838,-0.005051,0.00114,0.009695,-0.0028,0.008006,-0.00516,-0.00167,0.005505
20150513,0.001411,0.005808,0.012652,0.005049,0.012093,0.004105,0.010144,0.013738,0.009693,0.001464,0.005761,0.006661,0.000279,-0.005187,0.001778,0.01266
20150514,0.017999,0.022992,0.037353,0.013473,0.01011,-0.010222,0.010274,0.011329,0.016731,0.030943,0.016229,0.030488,0.015183,0.019465,0.017434,0.012501
20150515,-0.004934,-0.008723,-0.011675,-0.005183,0.000607,0.017212,-0.004539,0.007657,9.0e-05,0.007326,0.00047,-0.006421,-0.006586,-0.0025,-0.003489,-0.004449
20150518,0.000329,-0.005901,0.00572,0.002039,0.012731,0.007107,-0.001154,-0.009006,0.003237,0.018065,-0.001408,0.006209,0.005525,-0.003304,-0.001853,-0.008715
20150519,0.004774,-0.008956,-0.003091,0.001808,-0.007782,-0.00084,0.002427,-0.01136,-0.000179,-0.005454,-0.010813,0.002644,-0.018132,0.004801,-0.002785,-0.076195
20150520,0.00588,0.0,-0.000992,-0.000677,0.006636,-0.003867,0.001614,-0.004884,-0.002689,-0.002781,0.0,-0.000126,-0.018467,-0.005347,0.000103,0.044168
20150521,0.007783,-0.003363,-0.000869,-0.000226,0.005394,-0.006415,-0.002417,0.011692,-0.002337,0.003718,-0.007129,0.011933,0.039196,-0.00183,0.008585,0.020682
20150522,-0.004113,-0.010966,0.000745,-0.007904,-0.002981,-0.005776,-0.006461,-0.008275,-0.002432,0.023536,-0.001436,-0.006455,0.028803,-0.005156,-0.006461,-0.00435
20150526,-0.013219,-0.00661,-0.014962,-0.013658,-0.010314,-0.010595,-0.012136,-0.002158,-0.01454,-0.010103,-0.006232,-0.008433,-0.019197,-0.016125,-0.015483,-0.014603
20150527,0.012902,0.021893,0.015315,0.018694,0.018275,0.012435,0.010992,0.023933,0.025843,0.077609,0.053546,0.010017,0.005165,0.005736,0.008388,0.012369
20150528,-0.000126,-0.003361,-0.005028,-0.006343,0.008899,0.001365,-0.001686,-0.005914,-0.001072,0.00629,0.013736,-0.001809,-0.017174,0.000698,-0.006654,-0.007146
20150529,-0.015988,-0.012434,-0.011916,-0.008436,0.013231,-0.001363,-0.011997,-0.013031,0.000179,0.039963,-0.000452,-0.01156,0.000963,-0.005351,-0.017898,-0.003134
20150601,0.007133,0.007896,0.013891,0.006898,-0.016106,-0.004435,0.003124,-0.003803,-0.003755,-0.009793,0.011297,0.009862,0.004811,-0.002456,-0.000533,0.009666
20150602,0.008631,-0.006564,0.00193,-0.002055,-0.018729,-0.003427,-0.003114,-0.000936,-0.008257,-0.016778,-0.019884,-0.000626,-0.002736,0.001758,0.008851,-0.004614
20150603,0.002419,-0.001492,0.0248,0.006179,-0.016231,0.000344,0.001592,0.007354,-0.006606,-0.00763,-0.010713,0.003884,0.007819,0.000176,0.004968,0.00139
20150604,-0.006483,-0.010459,-0.004731,-0.004549,-0.012832,-0.0165,-0.009063,-0.013742,-0.016489,-0.013002,0.017972,-0.017222,-0.01715,-0.016205,-0.017144,-0.007637
20150605,-0.003915,-0.004745,0.001097,0.000914,-0.014547,-0.001049,-0.00582,-0.009361,-0.003612,0.018484,0.007696,0.001397,0.018557,0.002141,-0.002354,-0.001632
20150608,-0.011009,-0.008886,-0.017896,-0.016206,-0.01696,-0.010672,-0.012306,-0.014358,-0.017942,-0.03602,-0.022911,-0.008876,-0.02325,-0.00902,-0.007079,-0.018687
20150609,-0.002429,-0.001749,0.0,-0.000696,-0.001597,-0.001238,0.002056,-0.006466,0.001799,0.011397,0.005057,-0.003327,-0.001114,-0.004072,0.001728,-0.009045
20150610,0.019256,0.02103,0.01847,0.0202,0.01824,0.014873,0.019556,0.007032,0.024095,0.0189,-0.017841,0.021309,0.017698,0.012205,0.020058,0.010329
20150611,-0.004633,-0.003647,-0.004017,0.007738,0.000943,0.006978,-0.000829,0.004308,-0.010149,-0.00609,0.010713,0.001131,-0.008627,0.005287,0.002537,-0.026748
20150612,-0.004672,-0.010121,-0.003666,0.001355,-0.016641,-0.011088,-0.010605,-0.008506,-0.011745,-0.010705,-0.027189,0.002637,-0.008702,-0.0091,-0.011916,-0.010016
20150615,-0.008165,-0.010768,-0.010058,-0.013983,0.002235,-0.002102,-0.004372,-0.005968,0.00066,0.018865,-0.001895,-0.012021,0.011007,-0.011091,-0.011419,-0.001357
20150616,0.003444,0.007807,0.004336,0.021043,0.007805,0.008076,0.003489,-0.002477,0.000848,-0.007895,0.01234,0.013181,0.011577,0.004281,0.000324,0.004077
20150617,0.003175,0.003055,0.009006,0.006048,0.009957,0.007663,0.001978,0.001354,0.003767,-0.009191,0.011721,-0.025394,0.013896,0.0,-0.000648,0.007998
20150618,0.017527,0.016315,0.013632,-0.048319,0.013459,0.009678,0.006461,0.012171,0.017452,0.016455,0.016682,0.018996,0.017334,0.015671,0.010043,-0.001221
20150619,0.002409,-0.013271,-0.004764,-0.026907,-0.009574,-0.006162,-0.007489,-0.007126,0.005349,-0.000769,-0.003191,0.003905,-0.009378,-0.00201,-0.007163,-0.009778
20150622,0.003874,0.00282,0.027027,-0.002404,0.005924,-0.0031,0.004431,0.007252,0.018162,0.002694,-0.004344,0.032371,-0.002933,0.00699,0.009692,0.005431
20150623,0.006629,-0.006922,0.037055,0.005302,-0.005425,-0.005356,0.005306,-0.005715,-0.012072,-0.011412,-0.025488,0.015435,-0.007756,-0.002706,-0.004693,-0.001964
20150624,-0.008555,-0.00599,0.011152,-0.012227,-0.005454,-0.009554,-0.009785,-0.024336,-0.01532,-0.01179,-0.009896,-0.001795,-0.009434,-0.013448,0.009108,0.007134
20150625,-0.00111,0.000329,-0.009903,-0.003398,0.002507,-0.003858,-0.00533,-0.001377,-0.003612,-0.005287,0.007615,0.006475,0.001497,-0.003348,-0.01338,0.003053
20150626,-0.008764,-0.008543,0.000341,-0.001705,-0.030322,-0.004225,-0.003733,-0.009041,-0.016637,-0.029304,-0.020312,-0.014296,-0.017253,-0.00048,-0.001399,-0.024473
20150629,-0.021354,-0.019664,-0.025111,-0.013906,-0.02031,-0.026167,-0.015049,-0.031699,-0.026087,-0.023233,-0.029894,-0.017646,-0.032347,-0.028808,-0.014335,-0.028707
20150630,-0.002236,-0.004958,-0.000408,-0.002969,0.000823,-0.002905,-0.001902,0.00016,-0.000194,0.006969,-0.000497,-0.003322,-0.005286,-0.008404,0.003718,0.009766
20150701,0.006037,0.006682,0.01335,-0.001489,-0.007726,-0.004006,0.01125,0.004311,0.007766,0.019334,0.014421,-0.000802,0.013069,0.008226,0.017867,0.001018
20150702,0.007436,-0.001012,0.004315,0.002982,0.012425,-0.000731,0.003648,0.003339,0.001156,0.015793,0.00098,-0.002409,-0.001701,-0.000742,-0.000321,0.001271
20150706,-0.003143,-0.000225,0.003036,-0.005203,-0.016855,-0.004025,-0.002181,0.0,-0.01116,-0.024993,-0.012243,-0.003096,-0.017893,0.0,-0.002998,-0.019553
20150707,0.008083,-0.002027,-0.003769,0.000249,-0.00466,0.005143,0.001639,-0.004912,-0.003503,-0.010134,-0.01884,0.001118,0.015905,0.002969,0.007625,-0.009842
20150708,-0.015145,-0.001354,-0.018,-0.009711,-0.013378,-0.013523,-0.011151,-0.014172,-0.032806,-0.036058,-0.007074,-0.007445,-0.012383,-0.012828,-0.020249,-0.026157
20150709,0.005446,0.006329,0.002685,0.010309,-0.019322,-0.002964,0.004229,-0.000808,-0.028669,-0.026318,-0.012214,0.006001,0.008214,0.008247,-0.000761,0.010207
20150710,0.021041,0.002022,0.024103,0.00448,0.008296,0.01375,0.01892,0.014064,0.018707,0.041386,0.017517,0.001491,0.016867,0.010286,0.007838,0.008242
20150713,0.028088,0.020847,0.024446,0.010902,0.019198,0.018695,0.014555,0.011159,0.006529,-0.005083,0.006582,0.010547,-0.001265,0.002576,0.01253,0.022152
20150714,0.021776,0.001757,-0.004661,-0.00049,-0.002691,0.008636,-0.004546,0.00804,0.008717,0.024152,0.000503,0.005526,0.010415,0.001958,0.0032,-0.003354
20150715,-0.000377,0.003069,0.000892,0.000245,0.001349,0.002854,-0.000474,-0.000938,-0.005426,-0.004384,-0.007039,0.002809,-0.00599,0.007449,-0.007125,-0.006472
20150716,0.030516,0.019668,0.012143,0.004168,0.007073,0.007471,0.014656,0.010488,-0.002627,0.022624,0.022279,0.004871,0.014854,0.004849,0.00257,0.013809
20150717,0.162584,-0.000857,0.04535,-0.013672,-0.014381,-0.004943,0.00883,-0.003253,0.0,-0.007721,-0.005944,-0.00509,0.005385,-0.006152,-0.006303,0.019789
20150720,-0.009691,0.006435,0.030957,-0.011634,-0.012555,-0.005323,0.004116,-0.008548,0.014789,0.007332,-0.018435,-0.000122,-0.000549,-0.00267,0.00473,-0.003528
20150721,0.003623,0.007673,0.004902,-0.009016,-0.013058,-0.006778,-0.058596,0.021163,0.002795,-0.000966,0.004569,-0.010964,0.014567,-0.009249,-0.01391,0.004805
20150722,-0.00036,-0.036802,-0.013721,-0.003791,-0.004004,-0.011135,-0.01668,-0.014584,-0.018515,-0.036577,-0.019454,-0.005666,0.000542,0.003439,-0.027995,-0.012333
20150723,-0.029305,0.012516,-0.016488,-0.010654,-0.00035,0.017436,0.008606,-0.037545,0.024544,0.018366,0.012626,-0.001115,-0.022472,-0.009181,-0.002009,-0.000765
20150724,-0.029582,-0.003687,0.015821,0.0,-0.01871,0.013924,-0.012243,-0.002266,-0.029301,-0.026445,-0.011705,0.004216,0.023681,-0.014332,-0.01264,-0.009181
20150727,0.005345,-0.012843,-0.028675,-0.012564,0.010335,-0.00669,-0.004257,0.005516,0.0,-0.02981,-0.005664,-0.012966,-0.019751,-0.000752,-0.011442,-0.026126
20150728,0.002112,-0.00022,0.011893,0.019995,0.021517,0.0,0.006161,0.01807,0.021416,0.030245,0.02175,0.008257,0.018355,0.010788,0.016961,-0.003039
20150729,0.002683,0.020953,0.01784,0.012984,0.001727,0.006735,0.006498,0.001109,-0.002396,0.001246,0.012164,-0.004219,0.00122,0.021842,0.006761,-0.001326
20150730,0.004732,0.012746,-0.018352,-0.003518,-0.003447,-0.003521,-0.000807,0.01963,0.005605,-0.007233,0.002504,0.01296,-0.007038,-0.02684,-0.000672,-0.006637
20150731,-0.010624,-0.00384,-0.012604,0.007314,0.001384,0.00424,0.006399,-0.000311,-0.005175,-0.019663,-0.003496,0.008611,-0.000818,-0.004493,0.002128,-0.020043
20150803,0.010981,0.002355,0.001383,-0.005759,0.003454,-0.002111,-0.020248,0.000621,0.002201,0.005274,0.017043,-0.007196,-0.011733,0.004262,-0.009053,0.000545
20150804,-0.005175,0.015595,-0.00085,-0.001259,0.002754,-0.011636,-0.006994,-0.01521,-0.004991,-0.018521,0.003943,0.008108,-0.007593,0.007115,-0.003609,0.01172
20150805,0.018162,0.000841,0.025303,-0.000504,-0.000343,0.008562,0.001903,0.006777,0.020365,0.010367,0.010309,0.016086,0.008902,0.014378,0.01415,0.003502
20150806,-0.004664,-0.020177,-0.013687,-0.008073,-0.003777,-0.002122,-0.010006,-0.016281,-0.011897,-0.011864,-0.006317,-0.014272,-0.028954,-0.018817,-0.00413,-0.021208
20150807,-0.008595,0.002574,-0.008621,0.006104,-0.004481,-0.002127,-0.007677,0.002864,0.001393,-0.005841,0.123716,0.006083,-0.000284,-0.000125,0.000897,0.00576
20150810,-0.001881,0.012623,-0.001591,0.008342,0.026316,0.015631,0.010508,0.002063,0.034976,0.038596,0.034813,0.011247,0.012214,0.016316,0.023292,0.01309
20150811,0.040957,-0.019438,-0.005629,-0.01805,-0.022605,-0.019937,-0.007911,-0.009501,-0.02765,-0.02412,-0.005046,0.003348,0.005051,-0.003309,-0.023638,-0.030148
20150812,0.001695,0.007111,0.006088,0.002808,0.016914,-0.004283,0.00418,0.00048,0.009281,0.012237,0.002536,-0.000954,-0.008237,0.002705,0.001345,-0.042742
20150813,-0.007173,-0.000214,-0.008069,0.000764,-0.020027,0.028674,-0.00698,-0.008789,-0.009391,-0.012248,-0.008432,0.005846,0.005068,0.011036,0.001007,0.041751
20150814,0.004166,0.005778,0.010596,0.002544,0.005196,0.011498,0.004385,-0.001935,0.000197,-0.017956,0.00085,0.021468,0.022269,0.006549,0.00369,0.008628
20150817,0.006876,0.006809,-0.00519,0.007866,0.002068,-0.007062,0.003595,0.002584,0.005134,0.02919,-0.006372,0.007548,0.014386,0.020605,0.003119,-0.004001
20150818,-0.007751,-0.001057,0.013201,0.002769,-0.005846,-0.019948,-0.001919,-0.012083,-0.01945,-0.026131,-0.013254,-0.003688,-0.019719,-0.000118,-0.001222,-0.01122
20150819,0.00771,-0.013962,0.001471,-0.007532,-0.019025,-0.015929,-0.013268,-0.002283,-0.014226,-0.006463,-0.003899,-0.01122,-0.00744,-0.002598,-0.012009,-0.01401
20150820,-0.020979,-0.020382,-0.049837,-0.022767,-0.029267,-0.027338,-0.008315,-0.016836,-0.035976,-0.052861,-0.036103,-0.032639,-0.058579,-0.020836,-0.016207,-0.030975
20150821,-0.052172,-0.056724,-0.049691,-0.027958,-0.035234,-0.02108,-0.024957,-0.042228,-0.030993,-0.031122,-0.031137,-0.046197,0.019611,-0.042075,-0.025054,-0.034311
20150824,-0.040247,-0.032273,-0.046131,-0.039148,-0.011672,-0.048357,-0.036144,-0.040444,-0.023281,-0.013549,-0.035398,-0.058324,-0.057556,-0.037233,-0.035555,-0.049195
20150825,-0.009125,-0.029031,0.011085,-0.017461,-0.014476,-0.022628,-0.017495,-0.025326,-0.030519,-0.013007,-0.020763,0.004039,0.000153,-0.036183,-0.025551,0.013734
20150826,0.077179,0.05535,0.050482,0.041185,0.055276,0.043054,0.040721,0.051596,0.043428,0.070869,0.075444,0.037012,0.051243,0.058216,0.039581,0.024575
20150827,0.01246,0.027862,0.029132,-0.002438,0.015385,0.019081,0.012543,0.012354,0.036336,0.086575,0.037597,0.020432,0.020724,0.002956,0.018736,0.035978
20150828,-0.012381,0.000683,0.014265,0.017382,0.025253,-0.006496,-0.00377,0.001569,0.019762,0.010771,0.004419,0.00621,0.004432,0.00487,0.002829,-0.016325
20150831,-0.017993,-0.009333,-0.017361,-0.009877,0.004222,-0.004615,-0.000608,-0.015144,-0.003126,-0.012929,-0.010999,-0.010453,-0.012669,-0.013901,-0.006231,-0.027157
20150901,-0.028187,-0.039063,-0.0246,-0.029118,-0.025228,-0.029366,-0.035229,-0.027572,-0.031355,-0.052393,-0.040925,-0.032837,-0.03936,-0.028712,-0.031823,-0.019851
20150902,0.024382,0.036825,0.030494,0.02055,0.028037,0.021099,0.016611,0.015267,0.021795,0.039122,0.030148,0.016581,0.020261,0.026498,0.010386,0.00538
20150903,-0.012188,0.003229,-0.019357,0.004082,0.016783,0.009747,0.011927,-0.00555,0.002323,-0.002177,0.002702,0.013851,0.003972,0.005967,0.006772,0.024237
20150904,-0.012699,-0.02046,0.001248,-0.017073,-0.019257,-0.014672,-0.020984,-0.022682,-0.019595,-0.021168,-0.02335,-0.018258,-0.01641,-0.018053,-0.017898,-0.029502
20150908,0.023722,0.03004,0.014389,0.038875,0.034362,0.030564,0.024565,0.016762,0.046422,0.066116,0.042759,0.037586,0.054074,0.02692,0.029354,-0.021533
20150909,-0.00073,-0.018683,0.010164,-0.015658,-0.008814,-0.013688,-0.014807,-0.015942,-0.022181,-0.015407,-0.019841,-0.015793,-0.024449,-0.008823,-0.007248,0.020065
20150910,0.011921,0.005108,0.017028,0.01402,0.001026,0.012336,0.007928,0.018594,-0.004201,0.012188,0.015745,0.002292,0.010285,0.00529,-0.001676,-0.011739
20150911,0.006481,0.004389,0.000761,0.008242,0.006833,-0.009139,0.008003,-0.012109,0.003375,0.018334,0.0031,0.006226,0.004445,0.005005,0.002038,0.008989
20150914,-0.004319,-0.01012,0.002824,-0.009494,-0.002715,-0.012298,-0.011671,-0.006403,0.005466,0.000839,0.001766,-0.009218,-0.002284,-0.007023,-0.011366,-0.035317
20150915,0.019311,0.02184,0.006392,0.011448,0.011569,0.010895,0.012908,0.010311,0.009826,0.024316,0.011018,0.013638,0.019745,0.014532,0.022147,0.023747
20150916,0.000677,0.007276,0.00592,0.00737,0.001345,0.003464,0.005965,0.006014,0.008282,-0.021506,0.006975,0.012574,0.008559,0.008873,0.015392,0.011598
20150917,0.009241,-0.001129,0.009524,-0.039979,-0.002015,-0.007288,-0.001819,-0.003986,-0.011294,-0.006693,0.009091,-0.002732,0.006121,-0.00201,-0.002332,-0.014968
20150918,-0.016005,-0.017401,0.000636,-0.009799,-0.023224,-0.013137,-0.024504,-0.00964,-0.007269,-0.023122,-0.000858,0.011705,-0.012721,-0.005288,-0.009116,-0.006143
20150921,0.009169,0.014489,0.012182,0.012369,0.004824,0.0,0.013632,-0.001102,-0.007322,-0.002586,0.010305,0.025477,0.010364,0.011264,-0.006016,0.013988
20150922,-0.02066,-0.004761,-0.027106,-0.017377,-0.016804,-0.015662,-0.013995,-0.008274,-0.017703,-0.020116,-0.027199,0.016083,-0.006792,-0.008886,-0.008544,-0.024703
20150923,0.000138,-0.000683,0.010865,-0.005526,0.002442,0.005569,-0.005331,-0.007045,-0.000644,0.006736,0.004806,0.009922,0.004745,0.002273,-0.004069,-0.021711
20150924,0.00248,0.000912,0.004682,0.001945,-0.009047,0.005142,0.005221,-0.005415,0.00365,-0.01147,0.01913,-0.018596,-0.003889,0.002646,-0.003966,-0.01345
20150925,-0.022537,0.000683,-0.017371,-0.000277,0.011587,0.024203,0.006994,-0.000939,0.008984,0.021273,0.007253,-0.009296,0.01018,0.009048,-0.00543,-0.007157
20150928,-0.024838,-0.014793,-0.038374,-0.016921,-0.001735,-0.014025,-0.019942,-0.012777,-0.004664,-0.046473,-0.01313,-0.031397,-0.046935,-0.020922,-0.022929,-0.052523
20150929,-0.002627,0.003465,-0.028472,0.001975,0.01669,-0.000779,-0.000351,-0.002094,0.012354,-0.009764,0.017597,-0.008569,-0.00956,0.005978,0.009933,0.023913
20150930,0.025313,0.018877,0.037268,0.017178,0.03078,0.023791,0.017548,0.024795,0.041868,0.044623,0.039646,0.029939,0.015355,0.016058,0.011925,0.023001
20151001,0.005686,0.007908,0.01168,0.003322,-0.004645,-0.01981,-0.009519,-0.010236,-0.021809,-0.022958,-0.019473,0.018609,0.050122,0.006595,-0.009233,0.0
20151002,0.023349,0.02152,0.012314,0.017936,0.017,0.001166,0.006895,0.03554,0.006813,0.009743,0.026065,0.002866,0.01399,0.00581,0.015083,0.062262
20151005,0.02236,0.023261,0.021071,0.018975,0.022943,0.042314,0.030848,0.021064,0.027886,-0.017109,0.025,0.022026,0.018125,0.01647,0.034429,0.004559
20151006,-6.0e-05,0.002573,-0.012871,0.003724,0.016982,0.014153,-0.001744,0.001601,0.006583,-0.033905,0.012982,-0.008038,-0.011293,-0.003144,-0.000117,0.003404
20151007,-0.002442,0.00107,-0.00431,-0.001855,0.018116,0.011385,0.008805,0.005149,0.011494,0.013065,0.010485,-0.052848,0.007794,0.014677,0.00876,0.029559
20151008,-0.004478,0.013889,0.000758,0.006107,0.006344,0.013435,0.014591,0.018548,0.009404,-0.016436,0.005765,0.019963,0.0012,0.017573,0.015167,0.015689
20151009,0.006357,-0.007165,0.008327,0.005542,-0.011685,0.0,0.000722,0.002081,-0.012616,0.001885,-0.003821,0.018964,0.002131,0.00141,-0.000228,0.004634
20151012,0.007732,-0.002335,0.01094,-0.001575,0.002178,0.001791,-0.008203,0.000173,0.009239,0.006586,0.01074,0.001193,0.008372,0.005162,-0.00057,0.010455
20151013,0.009964,-0.00234,-0.001485,-0.005783,-0.005278,-0.003934,-0.010057,-0.004845,-0.008376,-0.0362,0.001898,-0.003217,0.009884,-0.006069,-0.012327,-0.015825
20151014,-0.00404,-0.004479,-0.000531,-0.014807,0.02372,-0.001077,0.002607,0.019475,0.034178,0.03562,0.036364,0.001793,-0.013702,-0.000235,-0.018144,-0.00773
20151015,0.018533,0.007069,0.020091,0.007783,-0.001524,0.011862,0.000533,0.010745,-0.004179,0.037545,0.002558,0.035441,0.02805,0.009749,0.006944,0.043316
20151016,0.003319,0.010636,0.016465,-0.004794,0.008855,0.003552,0.001999,0.010969,0.00267,-0.006564,0.015676,0.021897,0.013771,0.008375,-0.014378,-0.003286
20151019,0.006659,0.002315,0.009535,-0.01338,0.016646,0.0,-0.00778,-0.01352,0.001332,-0.017428,-0.001795,-0.003045,-0.010664,0.007037,-0.003202,0.003896
20151020,-0.028502,0.00315,-0.014928,-0.000271,-0.004466,0.00885,-0.057499,-0.001692,-0.003989,0.007818,-0.001438,-0.017647,-0.005133,0.001375,0.012849,-0.02
20151021,-0.012059,-0.011932,0.001134,-0.006511,-0.002093,-0.007719,0.001991,-0.000508,-0.010109,0.005088,-0.012964,-0.008176,-0.021927,0.000343,0.004934,-0.052087
20151022,0.013903,0.017585,0.026362,0.03195,0.030866,0.025813,0.022495,0.024758,0.119268,0.040166,0.036118,0.027052,0.020309,0.025615,0.046522,0.017673
20151023,0.056068,0.10077,0.025283,0.007409,0.014535,0.01172,0.004095,0.004882,0.015321,0.033828,0.00669,-0.006783,0.015381,0.009366,0.01184,0.047363
20151026,0.01639,0.026102,0.015461,0.00788,-0.008883,-0.013629,-0.00705,-0.024949,-0.002882,-0.046072,-0.004547,0.011154,-0.004328,-0.004639,0.001546,0.006934
20151027,0.002325,-0.010323,-0.000675,-0.000782,-0.003469,0.003454,-0.040373,0.001182,-0.006632,-0.017151,-0.000703,-0.008892,-0.006009,0.002441,-0.001653,0.026946
20151028,0.005595,0.005401,0.004822,0.014085,0.006963,0.010671,0.021544,0.016616,0.004279,0.046094,0.008087,0.005111,0.010032,-0.026791,0.017112,0.025802
20151029,0.010761,-0.011486,0.006526,-0.000514,-0.019591,-0.007493,-0.001988,-0.004397,-0.035793,-0.055079,-0.034531,-0.004294,-0.004966,0.005119,-0.002279,-0.003837
20151030,-0.010015,-0.013493,-0.027746,-0.000515,-0.004996,-0.009952,-0.003344,-0.009667,0.002652,0.025314,0.024928,0.006128,-0.005503,-0.015505,0.000218,0.016262
20151102,0.014036,0.011398,0.013141,0.023429,0.007383,-0.002773,0.00207,0.020532,0.00476,0.005441,0.011632,0.014099,0.019174,0.0,0.016968,-0.009826
20151103,0.001444,0.017092,-0.007066,0.011321,0.005863,-0.005561,0.010757,0.003793,0.002808,-0.013409,-0.006969,0.005005,-0.007197,-0.002989,-0.005241,-0.015594
20151104,0.008667,0.004617,0.013258,0.006965,-0.004663,-0.004893,-0.001762,-0.010021,-0.0035,0.016129,-0.016491,0.007193,-0.003052,0.002652,-0.00086,0.010081
20151105,0.007096,-0.000368,0.046373,-0.003211,-0.004392,-0.001405,-0.012286,-0.152506,0.007902,-0.024575,-0.011416,-0.005054,0.004082,0.00023,0.001829,0.001426
20151106,0.001223,0.00993,-0.015309,0.006691,-0.004706,0.000703,-0.011723,0.046015,0.004007,0.071122,0.138578,0.001546,0.008893,0.007473,-0.005156,-0.026196
20151109,-0.008968,-0.013838,-0.005649,-0.012802,-0.01448,-0.00949,-0.021266,-0.008985,-0.007288,-0.024447,-0.004437,-0.009814,-0.014986,-0.009928,-0.01328,-0.015205
20151110,0.004624,-0.012002,0.013335,-0.004489,-0.004198,-0.007097,0.001182,-0.012656,-0.003146,-0.05249,-0.019102,0.005345,0.000384,0.00219,0.003173,0.009204
20151111,0.009218,0.002616,0.010194,-0.022044,-0.010539,-0.005718,-0.003322,0.011096,0.009995,0.000751,-0.009737,0.010301,0.005879,0.002645,-0.003709,-0.017946
20151112,-0.011395,-0.006151,-0.009082,-0.010502,-0.013999,0.000359,-0.014665,-0.005109,-0.016146,-0.000834,-0.003605,-0.004057,-0.005209,-0.011012,-0.017736,-0.004494
20151113,-0.021757,-0.009002,-0.037678,-0.034429,-0.008951,-0.058211,-0.009696,-0.012172,-0.009529,-0.019274,-0.019737,-0.020035,-0.034483,-0.01357,-0.003455,-0.031297
20151116,0.013985,0.017506,0.000866,0.021984,-0.000311,0.022129,0.014877,0.01598,0.013273,0.033435,0.020134,0.008369,0.00873,0.017284,0.018678,0.023455
20151117,-0.005917,-0.014787,0.010477,0.000262,0.016822,0.000746,0.000823,0.00398,0.003429,0.004857,0.0,0.005849,0.012851,-0.007282,-0.01076,-0.00258
20151118,0.018808,0.016613,0.025112,0.014949,0.015931,0.011563,0.014945,-0.093998,0.015595,0.031624,0.020724,0.010854,0.001424,0.007102,0.01687,0.003652
20151119,-9.2e-05,0.001671,-0.014011,0.008269,0.034379,0.009218,0.006774,0.008125,-0.000173,-0.005638,0.0029,0.005369,0.042534,-0.001272,0.009387,-0.010764
20151120,0.022449,0.004635,0.009976,0.008201,0.010496,0.007307,0.012871,0.025418,0.002934,0.009504,0.008676,0.000545,0.00434,0.010418,0.011462,0.014866
20151123,-0.000386,0.0,-0.003448,-0.005084,-0.005193,-0.005078,-0.000289,-0.0132,-0.013248,-0.015744,-0.014973,0.001634,-0.002593,0.000687,-0.002352,0.007551
20151124,-0.009103,0.001107,-0.011314,0.008176,-0.00348,-0.005833,0.001011,0.009088,0.008718,0.031589,0.008085,0.000435,-0.004828,-0.007327,0.00075,-0.01199
20151125,-0.000481,-0.010323,-0.003121,-0.005068,0.002619,-0.0011,-0.004329,-0.006274,-0.010026,0.00039,-0.001283,-0.0025,0.000249,-0.00346,0.0,0.006068
20151127,0.003523,0.00447,0.000379,-0.002038,0.00029,0.002937,0.003333,-0.011405,0.004889,0.012851,0.008352,0.004359,-0.005472,0.00324,-0.002035,-0.006635
20151130,-0.011814,0.007788,-0.011475,-0.00536,0.008996,-0.002562,0.006933,0.00515,0.009904,0.003153,0.010513,-0.007703,-0.003501,-0.00496,0.008369,0.026412
20151201,0.02745,0.016007,0.027629,0.006672,0.009203,0.011743,0.013341,0.010453,0.003269,0.018705,0.032472,0.011918,0.016564,0.015071,0.001915,-0.002958
20151202,-0.007579,-0.000181,-0.009802,-0.01351,-0.007409,-0.004715,-0.011183,0.051724,-0.013034,-0.005117,-0.007634,-0.005727,-0.001605,-0.007423,-0.008284,0.05755
20151203,-0.012406,-0.018294,-0.015933,-0.022997,-0.022682,-0.017857,-0.005583,-0.008679,0.002433,0.095076,-0.002154,-0.02293,-0.011746,-0.018985,-0.010923,-0.036746
20151204,0.014332,0.03155,0.017245,0.035705,0.026293,0.019666,0.01087,0.018288,0.020628,0.019202,0.040703,0.029696,0.027649,0.025452,0.021221,0.016599
20151207,-0.007982,-0.001789,-0.005368,-0.008682,0.001431,0.000364,-0.006266,0.00172,-0.009001,0.008607,-0.018963,-0.032188,-0.017775,-0.009493,-0.009754,-0.006588
20151208,0.002781,-0.000358,0.008333,-0.002318,-0.006717,-0.012368,-0.010749,-0.056266,-0.011654,-0.007055,0.013591,0.023661,0.004958,-0.003233,-0.011884,0.004902
20151209,-0.016242,-0.014519,-0.017748,-0.003873,0.001727,-0.01547,-0.010431,-0.017987,-0.015779,-0.014413,-0.025328,-0.02355,-0.016897,-0.015871,0.001084,-0.012912
20151210,-0.003292,0.005275,0.007839,-0.010109,-0.001149,0.001496,0.001244,-0.000412,0.002995,0.011535,0.008254,-0.006699,-0.00414,0.006004,0.009741,0.006686
20151211,-0.012657,-0.021893,-0.031303,-0.025661,-0.01438,-0.022787,-0.016157,-0.022854,-0.012647,-0.019752,-0.014857,0.027653,-0.03162,-0.024924,-0.019616,-0.049668
20151214,0.016151,0.019978,0.024873,0.011825,0.005836,0.012615,0.010106,-0.013274,0.000178,-0.013225,0.002462,0.020127,0.001561,0.015241,0.015635,-0.009723
20151215,-0.003213,0.001088,-0.001051,0.014874,0.020598,0.01359,0.013684,0.025411,0.023657,0.005333,0.012281,0.008149,0.004936,0.010284,-0.006998,0.013501
20151216,0.021708,0.016848,0.021425,0.01832,0.003411,0.014339,0.010886,0.001041,0.009036,0.004258,0.006066,0.01638,0.019646,0.008541,0.018755,0.022707
20151217,-0.008705,-0.007661,-0.005338,-0.050887,-0.011048,-0.01891,-0.018235,-0.011026,-0.02652,-0.023631,-0.015074,-0.014232,-0.005831,-0.016125,-0.015111,-0.016282
20151218,-0.016861,-0.028187,-0.020523,-0.015705,-0.029934,-0.016841,-0.013528,-0.002314,-0.028127,-0.001993,-0.016223,-0.030679,-0.01785,-0.01804,-0.017612,-0.008426
20151221,0.005219,0.012932,0.007016,0.001926,0.011073,0.013894,0.004448,0.028041,0.016017,0.039943,0.023491,0.003395,0.003375,0.010327,0.010119,0.000455
20151222,0.00832,0.009484,0.007063,0.004668,0.014311,0.009574,0.017934,0.006255,-0.003762,-0.004801,0.001064,0.024012,0.007375,0.008557,0.010671,0.037161
20151223,0.001799,0.008491,-0.00834,0.009292,0.007774,0.018966,0.004423,-0.000509,0.019601,0.009717,0.003796,0.00938,0.002312,0.010252,0.014975,0.007605
20151224,-0.003474,-0.002687,0.003727,0.002166,-0.000571,-0.00073,-0.002093,0.0104,0.000882,-0.001297,0.003479,-0.004224,-0.002691,0.00245,-0.000849,-0.009869
20151228,0.021414,0.00503,0.008665,-0.005944,-0.001429,-0.002557,-0.004629,0.000606,-0.005815,0.000205,-0.000904,-0.001061,0.004754,-0.002211,-0.004249,-0.014952
20151229,0.014983,0.010724,0.012555,0.006795,0.014601,0.016844,0.015769,0.02622,0.010635,0.010864,0.016295,0.011996,0.015857,0.012711,0.005548,0.013095
20151230,-0.00461,-0.004244,-0.009696,-0.00324,-0.012697,-0.008642,-0.003148,-0.009237,-0.015082,-0.003853,-0.00861,-0.000525,-0.003776,-0.005297,-0.011247,-0.019683
20151231,-0.015551,-0.01474,-0.014686,-0.010563,-0.015433,-0.013622,-0.012344,-0.008431,-0.024038,-0.015064,-0.012878,-0.014064,-0.00935,-0.019217,-0.005473,-0.003296
